-- phpMyAdmin SQL Dump
-- version 5.1.1
-- https://www.phpmyadmin.net/
--
-- 主機： localhost
-- 產生時間： 2022 年 01 月 10 日 16:28
-- 伺服器版本： 10.4.21-MariaDB
-- PHP 版本： 7.4.26

SET SQL_MODE = "NO_AUTO_VALUE_ON_ZERO";
START TRANSACTION;
SET time_zone = "+00:00";


/*!40101 SET @OLD_CHARACTER_SET_CLIENT=@@CHARACTER_SET_CLIENT */;
/*!40101 SET @OLD_CHARACTER_SET_RESULTS=@@CHARACTER_SET_RESULTS */;
/*!40101 SET @OLD_COLLATION_CONNECTION=@@COLLATION_CONNECTION */;
/*!40101 SET NAMES utf8mb4 */;

--
-- 資料庫: `動物園商品`
--

-- --------------------------------------------------------

--
-- 資料表結構 `building_type`
--

CREATE TABLE `building_type` (
  `sid` int(255) NOT NULL,
  `building_name` varchar(255) NOT NULL
) ENGINE=InnoDB DEFAULT CHARSET=utf8;

--
-- 傾印資料表的資料 `building_type`
--

INSERT INTO `building_type` (`sid`, `building_name`) VALUES
(1, '熱帶'),
(2, '夜行'),
(3, '海底'),
(4, '冰原');

-- --------------------------------------------------------

--
-- 資料表結構 `product_item`
--

CREATE TABLE `product_item` (
  `sid` int(25) NOT NULL,
  `name` varchar(255) NOT NULL,
  `type` int(255) NOT NULL,
  `specification` int(255) NOT NULL,
  `information` int(255) NOT NULL,
  `supplier` int(255) NOT NULL,
  `price` int(255) NOT NULL,
  `picture` varchar(255) NOT NULL,
  `create_at` date NOT NULL DEFAULT current_timestamp()
) ENGINE=InnoDB DEFAULT CHARSET=utf8mb4;

--
-- 傾印資料表的資料 `product_item`
--

INSERT INTO `product_item` (`sid`, `name`, `type`, `specification`, `information`, `supplier`, `price`, `picture`, `create_at`) VALUES
(1, '藍色鉛筆盒', 1, 2, 1, 1, 399, '3.jpg', '2016-01-04'),
(2, '橘色鉛筆盒', 6, 3, 13, 5, 399, '5.jpg', '2022-01-04'),
(3, '便簽組', 6, 7, 22, 25, 129, '6efacbfc432ee3c60546e58dee4485e5--sheep-pig-cute-cartoon-animals.jpg', '2022-01-26'),
(4, '浣熊拼圖', 2, 4, 6, 17, 500, 'GA-003.jpg', '2022-01-27'),
(5, '狐狸拼圖組', 2, 5, 1, 1, 799, 'GA-005.jpg', '2022-01-19'),
(6, '大豬公拼圖組', 2, 6, 9, 36, 500, 'GA-017.jpg', '2022-01-21'),
(7, '紅鶴拼圖', 2, 1, 9, 1, 799, 'GA-021.jpg', '2018-06-13'),
(8, '雞8鴨燈', 3, 12, 12, 1, 450, 'DN-002.jpg', '2016-06-14'),
(9, '不是麥片是碗組', 3, 23, 13, 12, 650, 'DN-019.jpg', '2016-06-24'),
(10, '遠離保險', 3, 15, 1, 1, 399, 'DN-012.jpg', '2022-01-01'),
(11, 'test11', 3, 45, 64, 60, 441, '圖11.jpg', '2022-01-10'),
(12, 'test12', 4, 61, 100, 5, 626, '圖12.jpg', '2022-01-10'),
(13, 'test13', 5, 67, 38, 39, 568, '圖13.jpg', '2022-01-10'),
(14, 'test14', 4, 1, 72, 37, 1177, '圖14.jpg', '2022-01-10'),
(15, 'test15', 6, 68, 24, 46, 847, '圖15.jpg', '2022-01-10'),
(16, 'test16', 4, 43, 90, 37, 665, '圖16.jpg', '2022-01-10'),
(17, 'test17', 2, 91, 39, 3, 269, '圖17.jpg', '2022-01-10'),
(18, 'test18', 5, 8, 4, 6, 311, '圖18.jpg', '2022-01-10'),
(19, 'test19', 5, 87, 82, 45, 371, '圖19.jpg', '2022-01-10'),
(20, 'test20', 3, 98, 90, 14, 1229, '圖20.jpg', '2022-01-10'),
(21, 'test21', 2, 15, 31, 29, 1312, '圖21.jpg', '2022-01-10'),
(23, 'test23', 3, 10, 57, 55, 954, '圖23.jpg', '2022-01-10'),
(24, 'test24', 5, 89, 46, 10, 1447, '圖24.jpg', '2022-01-10'),
(25, 'test25', 1, 69, 31, 21, 879, '圖25.jpg', '2022-01-10'),
(26, 'test26', 5, 16, 75, 16, 1190, '圖26.jpg', '2022-01-10'),
(27, 'test27', 2, 83, 54, 43, 272, '圖27.jpg', '2022-01-10'),
(28, 'test28', 3, 83, 41, 38, 1075, '圖28.jpg', '2022-01-10'),
(29, 'test29', 1, 1, 91, 18, 1179, '圖29.jpg', '2022-01-10'),
(30, 'test30', 4, 94, 15, 58, 737, '圖30.jpg', '2022-01-10'),
(31, 'test31', 5, 32, 58, 31, 109, '圖31.jpg', '2022-01-10'),
(32, 'test32', 4, 42, 32, 8, 88, '圖32.jpg', '2022-01-10'),
(33, 'test33', 1, 50, 91, 16, 690, '圖33.jpg', '2022-01-10'),
(34, 'test34', 4, 75, 49, 60, 706, '圖34.jpg', '2022-01-10'),
(35, 'test35', 3, 11, 100, 57, 97, '圖35.jpg', '2022-01-10'),
(36, 'test36', 2, 64, 27, 2, 1329, '圖36.jpg', '2022-01-10'),
(37, 'test37', 2, 86, 30, 12, 381, '圖37.jpg', '2022-01-10'),
(38, 'test38', 5, 41, 19, 36, 950, '圖38.jpg', '2022-01-10'),
(39, 'test39', 5, 95, 79, 33, 1273, '圖39.jpg', '2022-01-10'),
(40, 'test40', 5, 40, 81, 20, 1362, '圖40.jpg', '2022-01-10'),
(41, 'test41', 2, 71, 87, 7, 736, '圖41.jpg', '2022-01-10'),
(42, 'test42', 6, 37, 98, 27, 373, '圖42.jpg', '2022-01-10'),
(43, 'test43', 3, 14, 40, 43, 449, '圖43.jpg', '2022-01-10'),
(44, 'test44', 2, 23, 93, 46, 1217, '圖44.jpg', '2022-01-10'),
(45, 'test45', 1, 1, 61, 31, 879, '圖45.jpg', '2022-01-10'),
(46, 'test46', 1, 75, 72, 27, 939, '圖46.jpg', '2022-01-10'),
(47, 'test47', 6, 72, 44, 56, 251, '圖47.jpg', '2022-01-10'),
(48, 'test48', 1, 100, 99, 52, 717, '圖48.jpg', '2022-01-10'),
(49, 'test49', 1, 87, 7, 41, 1138, '圖49.jpg', '2022-01-10'),
(50, 'test50', 1, 12, 3, 55, 1384, '圖50.jpg', '2022-01-10'),
(51, 'test51', 4, 21, 83, 30, 1364, '圖51.jpg', '2022-01-10'),
(52, 'test52', 6, 21, 35, 40, 220, '圖52.jpg', '2022-01-10'),
(53, 'test53', 4, 58, 97, 53, 1335, '圖53.jpg', '2022-01-10'),
(54, 'test54', 4, 13, 54, 8, 516, '圖54.jpg', '2022-01-10'),
(55, 'test55', 1, 51, 29, 3, 950, '圖55.jpg', '2022-01-10'),
(56, 'test56', 3, 37, 88, 26, 362, '圖56.jpg', '2022-01-10'),
(57, 'test57', 6, 76, 14, 51, 601, '圖57.jpg', '2022-01-10'),
(58, 'test58', 1, 41, 14, 24, 1082, '圖58.jpg', '2022-01-10'),
(59, 'test59', 5, 3, 1, 18, 1243, '圖59.jpg', '2022-01-10'),
(60, 'test60', 4, 57, 13, 28, 1212, '圖60.jpg', '2022-01-10'),
(61, 'test61', 4, 23, 17, 15, 931, '圖61.jpg', '2022-01-10'),
(62, 'test62', 3, 79, 8, 38, 1213, '圖62.jpg', '2022-01-10'),
(63, 'test63', 5, 97, 37, 41, 1278, '圖63.jpg', '2022-01-10'),
(64, 'test64', 5, 95, 79, 40, 205, '圖64.jpg', '2022-01-10'),
(68, 'test68', 1, 85, 91, 18, 666, '圖68.jpg', '2022-01-10'),
(69, 'test69', 2, 67, 84, 4, 246, '圖69.jpg', '2022-01-10'),
(70, '珍愛地球北極熊拼圖組', 2, 38, 21, 41, 1299, '圖84.jpg', '2019-10-24'),
(71, '顯瘦獅子服裝', 5, 23, 13, 1, 899, '圖20.jpg', '2019-10-22'),
(72, '培養牌品四色牌組', 2, 29, 20, 17, 699, '圖94.jpg', '2012-01-17'),
(73, '鯨魚開口笑筆筒', 6, 29, 18, 33, 499, '圖24.jpg', '2015-02-10'),
(74, '藍鳥文具組', 6, 1, 1, 1, 900, '圖8.jpg', '2016-06-14'),
(75, '動物圖騰服飾', 5, 1, 23, 1, 799, '圖14.jpg', '2015-02-17'),
(76, '愛的豹抱拖', 3, 41, 31, 54, 799, '圖33.jpg', '2015-02-09'),
(77, '造型收線盒', 3, 29, 48, 1, 599, '圖50.jpg', '2012-06-19'),
(78, '台灣黑熊門簾', 3, 25, 56, 24, 499, '圖44.jpg', '2018-10-15'),
(79, '12生肖動物牌', 2, 28, 5, 21, 899, '圖94.jpg', '2019-06-09');

-- --------------------------------------------------------

--
-- 資料表結構 `product_reserve`
--

CREATE TABLE `product_reserve` (
  `sid` int(255) NOT NULL,
  `reserve_type` int(255) NOT NULL,
  `quantity_ware` int(255) DEFAULT NULL,
  `quantity_location` int(255) DEFAULT NULL,
  `location` int(255) DEFAULT NULL,
  `create_at` date NOT NULL
) ENGINE=InnoDB DEFAULT CHARSET=utf8;

--
-- 傾印資料表的資料 `product_reserve`
--

INSERT INTO `product_reserve` (`sid`, `reserve_type`, `quantity_ware`, `quantity_location`, `location`, `create_at`) VALUES
(1, 1, 233, 0, NULL, '2022-01-01'),
(2, 1, 150, 0, NULL, '2009-01-07'),
(3, 1, 439, 0, NULL, '1999-12-23'),
(4, 1, 289, 0, NULL, '1985-04-11'),
(5, 1, 312, 0, NULL, '2019-01-18'),
(6, 1, 517, 0, NULL, '1987-03-05'),
(7, 1, 78, 0, NULL, '2014-09-29'),
(8, 1, 466, 0, NULL, '2014-10-21'),
(9, 1, 186, 0, NULL, '1984-10-27'),
(10, 1, 575, 0, NULL, '2018-09-04'),
(11, 1, 587, 0, NULL, '2018-07-14'),
(12, 1, 104, 0, NULL, '2005-09-25'),
(13, 1, 243, 0, NULL, '1981-04-27'),
(14, 1, 158, 0, NULL, '2005-11-17'),
(15, 1, 256, 0, NULL, '2017-02-03'),
(16, 1, 588, 0, NULL, '1995-10-17'),
(17, 1, 595, 0, NULL, '2013-11-21'),
(18, 1, 535, 0, NULL, '2008-05-31'),
(19, 1, 280, 0, NULL, '2007-11-19'),
(20, 1, 451, 0, NULL, '2006-05-30'),
(21, 1, 146, 0, NULL, '1995-01-23'),
(22, 2, 0, 449, 3, '1973-11-27'),
(23, 2, 0, 592, 4, '2007-07-26'),
(24, 2, 0, 104, 2, '1986-02-10'),
(25, 2, 0, 145, 3, '2001-12-29'),
(26, 2, 0, 425, 4, '1976-08-17'),
(27, 2, 0, 525, 4, '1997-01-28'),
(28, 2, 0, 510, 3, '2020-10-12'),
(29, 2, 0, 240, 3, '2001-10-15'),
(30, 2, 0, 404, 2, '1973-05-02'),
(31, 2, 0, 246, 3, '2014-04-26'),
(32, 2, 0, 107, 1, '1996-08-20'),
(33, 2, 0, 509, 1, '1994-11-09'),
(34, 2, 0, 477, 3, '2014-05-23'),
(35, 2, 0, 217, 4, '2020-06-25'),
(36, 2, 0, 501, 1, '2000-07-13'),
(37, 2, 0, 528, 4, '1999-08-11'),
(38, 2, 0, 297, 4, '2000-06-05'),
(39, 2, 0, 553, 4, '2017-02-15'),
(40, 2, 0, 563, 2, '2017-11-18'),
(41, 2, 0, 297, 4, '1992-04-23'),
(42, 3, 561, 313, 4, '2017-01-12'),
(43, 3, 227, 182, 3, '1994-10-04'),
(44, 3, 220, 491, 3, '2006-08-21'),
(45, 3, 356, 422, 2, '1993-01-30'),
(46, 3, 462, 239, 2, '1994-03-05'),
(47, 3, 173, 133, 4, '1970-11-23'),
(48, 3, 204, 392, 4, '2006-08-31'),
(49, 3, 106, 186, 4, '2005-04-04'),
(50, 3, 181, 254, 4, '1992-03-29'),
(51, 3, 488, 177, 1, '2013-01-16'),
(52, 3, 157, 87, 3, '2016-11-14'),
(53, 3, 66, 522, 3, '2017-12-14'),
(54, 3, 352, 524, 1, '2005-02-04'),
(55, 3, 77, 370, 2, '2002-09-02'),
(56, 3, 118, 483, 1, '1994-12-12'),
(57, 3, 317, 33, 2, '1995-03-25'),
(58, 3, 386, 16, 4, '1985-08-08'),
(59, 3, 89, 500, 4, '1979-06-19'),
(60, 3, 494, 194, 2, '2012-10-15'),
(61, 3, 310, 342, 4, '1991-01-22'),
(62, 1, 999, 0, NULL, '2022-01-19');

-- --------------------------------------------------------

--
-- 資料表結構 `product_spec`
--

CREATE TABLE `product_spec` (
  `sid` int(255) NOT NULL,
  `product_lengh(cm)` int(255) NOT NULL,
  `product_width(cm)` int(255) NOT NULL,
  `product_height(cm)` int(255) NOT NULL,
  `product_weight(g)` int(255) NOT NULL
) ENGINE=InnoDB DEFAULT CHARSET=utf8;

--
-- 傾印資料表的資料 `product_spec`
--

INSERT INTO `product_spec` (`sid`, `product_lengh(cm)`, `product_width(cm)`, `product_height(cm)`, `product_weight(g)`) VALUES
(1, 23, 24, 35, 123),
(2, 13, 23, 23, 231),
(3, 31, 32, 23, 312),
(4, 31, 32, 32, 213),
(5, 13, 23, 32, 321),
(6, 13, 32, 23, 231),
(7, 13, 23, 23, 321),
(8, 31, 32, 23, 123),
(9, 31, 23, 32, 132),
(10, 13, 32, 32, 123),
(11, 234, 234, 32, 23424),
(12, 33, 22, 33, 444),
(14, 53, 69, 22, 228),
(15, 42, 98, 28, 537),
(16, 81, 54, 11, 964),
(17, 91, 96, 43, 192),
(18, 29, 11, 63, 198),
(19, 35, 18, 15, 642),
(20, 62, 76, 49, 205),
(21, 73, 89, 76, 646),
(22, 91, 23, 63, 435),
(23, 40, 11, 15, 739),
(24, 14, 13, 48, 759),
(25, 52, 64, 66, 800),
(26, 40, 37, 96, 441),
(27, 53, 58, 16, 900),
(28, 56, 41, 78, 451),
(29, 26, 31, 40, 272),
(30, 23, 87, 83, 618),
(31, 57, 60, 14, 131),
(32, 77, 79, 75, 787),
(33, 83, 56, 61, 483),
(34, 80, 45, 40, 732),
(35, 61, 46, 43, 922),
(36, 22, 41, 33, 352),
(37, 90, 51, 86, 510),
(38, 27, 92, 17, 893),
(39, 73, 25, 40, 350),
(40, 76, 27, 17, 37),
(41, 20, 58, 57, 426),
(42, 65, 46, 33, 584),
(43, 58, 19, 40, 661),
(44, 55, 86, 52, 343),
(45, 88, 61, 87, 674),
(46, 76, 27, 52, 488),
(47, 21, 60, 90, 900),
(48, 78, 30, 86, 510),
(49, 73, 85, 29, 178),
(50, 45, 73, 43, 221),
(51, 51, 10, 91, 552),
(52, 37, 52, 32, 418),
(53, 94, 67, 56, 277),
(54, 47, 83, 74, 702),
(55, 62, 36, 11, 925),
(56, 15, 82, 32, 445),
(57, 18, 96, 85, 459),
(58, 66, 59, 91, 131),
(59, 79, 66, 50, 327),
(60, 61, 80, 47, 208),
(61, 90, 69, 76, 269),
(62, 16, 32, 33, 389),
(63, 56, 31, 50, 713),
(64, 54, 77, 42, 225),
(65, 68, 34, 53, 584),
(66, 44, 81, 60, 967),
(67, 29, 90, 39, 890),
(68, 17, 28, 66, 652),
(69, 69, 67, 84, 231),
(70, 37, 51, 56, 391),
(71, 30, 47, 34, 912),
(72, 80, 90, 15, 594),
(73, 25, 33, 17, 940),
(74, 77, 52, 87, 568),
(75, 12, 42, 98, 569),
(76, 68, 24, 98, 712),
(77, 15, 41, 21, 18),
(78, 83, 41, 93, 815),
(79, 89, 14, 71, 724),
(80, 15, 74, 10, 635),
(81, 31, 97, 89, 197),
(82, 45, 67, 30, 685),
(83, 84, 44, 32, 683),
(84, 62, 35, 28, 509),
(85, 66, 96, 84, 392),
(86, 25, 79, 56, 509),
(87, 40, 62, 27, 593),
(88, 26, 36, 47, 79),
(89, 20, 19, 44, 546),
(90, 71, 80, 28, 108),
(91, 55, 12, 61, 641),
(92, 32, 52, 96, 79),
(93, 84, 58, 93, 380),
(94, 69, 95, 28, 870),
(95, 52, 60, 17, 963),
(96, 73, 27, 83, 754),
(97, 67, 11, 45, 531),
(98, 91, 10, 73, 384),
(99, 92, 92, 77, 849),
(100, 72, 52, 33, 138),
(101, 76, 45, 19, 818),
(102, 33, 94, 59, 550),
(103, 79, 45, 36, 908),
(104, 57, 39, 49, 757),
(105, 63, 39, 59, 918),
(106, 70, 81, 65, 798),
(107, 19, 56, 86, 577),
(108, 52, 11, 38, 528),
(109, 66, 14, 52, 408),
(110, 16, 19, 28, 87),
(111, 46, 16, 91, 628);

-- --------------------------------------------------------

--
-- 資料表結構 `product_type`
--

CREATE TABLE `product_type` (
  `sid` int(255) NOT NULL,
  `type_name` varchar(255) NOT NULL,
  `create_at` date NOT NULL
) ENGINE=InnoDB DEFAULT CHARSET=utf8mb4;

--
-- 傾印資料表的資料 `product_type`
--

INSERT INTO `product_type` (`sid`, `type_name`, `create_at`) VALUES
(1, '絨毛玩具', '2015-01-02'),
(2, '益智遊戲', '2017-01-04'),
(3, '生活用品', '2017-01-11'),
(4, '圖書', '2020-01-09'),
(5, '服裝', '2019-01-10'),
(6, '文具用品', '2019-01-15');

-- --------------------------------------------------------

--
-- 資料表結構 `reserve_type`
--

CREATE TABLE `reserve_type` (
  `sid` int(255) NOT NULL,
  `reserve_type_name` varchar(255) NOT NULL
) ENGINE=InnoDB DEFAULT CHARSET=utf8mb4;

--
-- 傾印資料表的資料 `reserve_type`
--

INSERT INTO `reserve_type` (`sid`, `reserve_type_name`) VALUES
(3, '網路及現場均有販售'),
(2, '限定現場販售'),
(1, '限定網路販售');

-- --------------------------------------------------------

--
-- 資料表結構 `supplier`
--

CREATE TABLE `supplier` (
  `sid` int(255) NOT NULL,
  `supplier_name` varchar(255) NOT NULL,
  `supplier_address` varchar(255) NOT NULL,
  `supplier_tel` varchar(255) NOT NULL,
  `supplier_item` varchar(255) NOT NULL,
  `supplier_create` date NOT NULL
) ENGINE=InnoDB DEFAULT CHARSET=utf8mb4;

--
-- 傾印資料表的資料 `supplier`
--

INSERT INTO `supplier` (`sid`, `supplier_name`, `supplier_address`, `supplier_tel`, `supplier_item`, `supplier_create`) VALUES
(1, '嘉冠貿易有限公司', '台北市松山區新中街52巷22號7樓', '0227660252', '絨毛玩具', '2019-01-08'),
(2, '立昇實業股份有限公司', '新北市新莊區新樹路268巷18號', '0222028608', '絨毛玩具', '2016-01-12'),
(3, '聖沃國際有限公司', '台北市內湖區成功路四段323巷9弄4號5樓', '0227945506', '絨毛玩具', '2015-01-13'),
(4, '振新文具有限公司', '台北市大同區太原路11巷35號', '0225505866', '絨毛玩具', '2017-06-15'),
(5, '華祐國際有限公司', '新北市新莊區新北大道四段187號13樓之1', '0285216716', '絨毛玩具', '2019-06-20'),
(6, '瑞志國際股份有限公司', '新北市中和區平河里 中正路７６４號４樓', '0282281628', '絨毛玩具', '2019-08-28'),
(7, '司麥樂企業有限公司', '台北市中山區敬業一路128巷28號2樓', '0285023198', '絨毛玩具', '2019-02-18'),
(8, '天琦實業有限公司', '新北市板橋區貴興路106巷16弄2號', '0229640072', '絨毛玩具', '2017-12-20'),
(9, '日椿國際有限公司', '新北市蘆洲區復興路105巷17號三樓', '0222822895', '絨毛玩具', '2020-10-14'),
(10, '派博國際有限公司', '台北市內湖區成功路4段323巷9弄4號', '0227925287', '絨毛玩具', '2021-12-16'),
(11, '兩儀事業股份有限公司', '台北市大安區忠孝東路三段197號3樓', '0227517728', '益智遊戲', '2021-09-21'),
(12, 'SunnyBaby生活館', '新竹縣竹東鎮竹美路二段109號', '035836368', '益智遊戲', '2020-01-13'),
(13, '品福事業有限公司', '高雄市三民區明吉路9號B1', '073495788', '益智遊戲', '2018-02-19'),
(14, '華泰玩具(玩具連鎖專賣店)', '宜蘭縣宜蘭市舊城東路35之1號', '039367113', '益智遊戲', '2019-01-28'),
(15, '三協資訊股份有限公司', '台中市南區美村路二段186號3樓之1', '0422627774', '益智遊戲', '2021-08-16'),
(16, '巧兒文化實業有限公司', '新北市中和區中山路二段315巷4號3樓', '0282422121', '益智遊戲', '2016-01-24'),
(17, '耕盛文教機構', '新北市新莊區中港一街157號1樓', '0222792900', '益智遊戲', '2015-02-10'),
(18, '東東數位科技有限公司', '新北市土城區中華路一段36號4樓之3', '0282261088', '益智遊戲', '2014-01-28'),
(19, '龍博士健康左右腦有限公司', '新北市中和區永和路337巷2號5樓', '0282287288~18', '益智遊戲', '2019-01-15'),
(20, '隆中網絡股份有限公司', '新北市新店區民權路95號14樓之1', '0222183785', '益智遊戲', '2018-02-20'),
(21, '東安生技實業股份有限公司', '台中市北屯區建和路二段206號', '0424368666', '生活用品', '2019-02-14'),
(22, '九乘九文具專家', '高雄市新興區中山二路522號', '072018899', '生活用品', '2013-09-18'),
(23, '佳一味企業社', '新北市三重區和平街39號', '0229747670', '生活用品', '2016-06-24'),
(24, '泰允創意有限公司', '桃園市桃園區藝文一街86之3號5樓', '033566818', '生活用品', '2021-01-22'),
(25, '璽悅婦兒有限公司', '台北市士林區中正路420號8樓', '0277292505', '生活用品', '2012-12-17'),
(26, '燁新國際有限公司', '桃園市中壢區內定五街39巷50之1號', '034632827', '生活用品', '2018-06-11'),
(27, '臺隆工業股份有限公司', '台北市中山區松江路261號6樓', '0225035508', '生活用品', '2016-01-29'),
(28, '建準電機工業股份有限公司', '高雄市前鎮區新衙路296巷30號', '078135888', '生活用品', '2018-03-15'),
(29, '天使學園網路股份有限公司', '台北市大安區信義路三段41號1樓', '0227015339', '生活用品', '2018-11-14'),
(30, '愛心進行銷設計股份有限公司', '台中市烏日區慶光路70之26號', '0423354628', '生活用品', '2017-01-17'),
(31, '何嘉仁國際文教團隊', '台北市中山區民權東路二段107號', '0225926998', '圖書', '2021-09-19'),
(32, '恩文事業', '台北市松山區南京東路4段186號9樓–7', '0225777011', '圖書', '2022-01-09'),
(33, '羅伯克林有限公司', '台北市士林區忠誠路二段130巷3號1樓', '0228725757', '圖書', '2022-01-23'),
(34, '繪豪企業有限公司', '新北市中和區中山路2段327巷20號3樓', '0222428968', '圖書', '2022-01-14'),
(35, '大輿出版社股份有限公司', '台北市萬華區廣州街189號4樓', '0223028768\r\n', '圖書', '2022-01-01'),
(36, '頂泰興資訊有限公司', '新北市中和區員山路512之7號4樓', '0222219869~112', '圖書', '2021-09-27'),
(37, '及第出版社\r\n', '台中市北區德化街269號1樓', '0422352519\r\n', '圖書', '2021-04-20'),
(38, '勤力國際股份有限公司', '新北市新店區寶高路20號', '0229106880', '圖書', '2019-01-21'),
(39, '建興文化事業有限公司', '新北市中和區立德街26巷5弄1之1號', '0222220866', '圖書', '2016-11-16'),
(40, '私立寰宇英日語短期補習班', '台南市中西區民族路二段153號6樓', '062237338\r\n', '圖書', '2018-06-15'),
(41, '網購韓服、日韓服飾、精品韓國衣服', '台中市北屯區大連路一段42號1樓', '0422916314', '服裝', '2017-07-15'),
(42, '凱蘿琳蔡時尚國際有限公司', '新北市三重區重新路五段609巷14號9樓之10', '0229998669', '服裝', '2016-08-08'),
(43, '双邦實業股份有限公司', '南投縣南投市永興路3號', '0492257450', '服裝', '2013-09-30'),
(44, '新力服裝有限公司', '台南市南區慶南街188號(金華公園大門口)', '062925161', '服裝', '2015-10-12'),
(45, '俊克服飾開發有限公司', '台北市中山區民權西路11號14樓', '0225859262\r\n', '服裝', '2016-01-27'),
(46, '雜碎江湖舞蹈戲劇服飾', '台南市永康區中華路12號13樓之3', '063136058\r\n', '服裝', '2018-02-26'),
(47, '擎普國際貿易有限公司', '台北市信義區信安街60號1樓', '0227325488', '服裝', '2017-05-12'),
(48, '銀穗國際企業股份有限公司', '台北市中山區民權西路42號5樓', '0225234655', '服裝', '2019-04-12'),
(49, '京城運動用品社', '屏東縣潮州鎮新生路141號', '087892010', '服裝', '2020-01-24'),
(50, '多田企業有限公司', '台北市大安區忠孝東路四段212號11樓', '022740-3096', '服裝', '2020-01-14'),
(51, '平價文具量販', '高雄市新興區中山二路522號', '072018899', '文具用品', '2015-11-30'),
(52, '鼎隆國際商業有限公司', '台中市西屯區台中港路二段124號', '0427065411', '文具用品', '2017-08-30'),
(53, '龍德數位科技有限公司', '台南市南區新和一路3巷3號', '062657021', '文具用品', '2019-07-24'),
(54, '金玉堂文具股份有限公司', '高雄市大寮區鳳屏一路729號', '077025666', '文具用品', '2016-06-22'),
(55, '藝群印刷公司(台北數位印刷)', '台北市中正區汀州路三段54號', '0227350157\r\n', '文具用品', '2017-01-20'),
(56, '大智通文化行銷股份有限公司', '新北市樹林區佳園路二段70之1號', '0226687017', '文具用品', '2017-07-17'),
(57, '金台北家居用品百貨', '新北市林口區南勢村8鄰77之36號', '0226093731', '文具用品', '2018-04-26'),
(58, '傳動數位設計印刷', '新北市三重區重新路三段111號12樓', '022986-6635', '文具用品', '2019-09-24'),
(59, '清豐企業股份有限公司', '台南市中西區成功路50號806室', '062221195', '文具用品', '2016-01-18'),
(60, '光南大批發', '屏東縣屏東市永福路31號', '087323266', '文具用品', '2018-01-22');

--
-- 已傾印資料表的索引
--

--
-- 資料表索引 `building_type`
--
ALTER TABLE `building_type`
  ADD PRIMARY KEY (`sid`),
  ADD KEY `sid` (`sid`);

--
-- 資料表索引 `product_item`
--
ALTER TABLE `product_item`
  ADD PRIMARY KEY (`sid`);

--
-- 資料表索引 `product_reserve`
--
ALTER TABLE `product_reserve`
  ADD PRIMARY KEY (`sid`),
  ADD KEY `sid` (`sid`),
  ADD KEY `庫存類別` (`reserve_type`),
  ADD KEY `現場位置` (`location`);

--
-- 資料表索引 `product_spec`
--
ALTER TABLE `product_spec`
  ADD PRIMARY KEY (`sid`),
  ADD KEY `sid` (`sid`);

--
-- 資料表索引 `product_type`
--
ALTER TABLE `product_type`
  ADD PRIMARY KEY (`sid`);

--
-- 資料表索引 `reserve_type`
--
ALTER TABLE `reserve_type`
  ADD PRIMARY KEY (`sid`),
  ADD KEY `庫存種類` (`reserve_type_name`);

--
-- 資料表索引 `supplier`
--
ALTER TABLE `supplier`
  ADD PRIMARY KEY (`sid`);

--
-- 在傾印的資料表使用自動遞增(AUTO_INCREMENT)
--

--
-- 使用資料表自動遞增(AUTO_INCREMENT) `building_type`
--
ALTER TABLE `building_type`
  MODIFY `sid` int(255) NOT NULL AUTO_INCREMENT, AUTO_INCREMENT=5;

--
-- 使用資料表自動遞增(AUTO_INCREMENT) `product_item`
--
ALTER TABLE `product_item`
  MODIFY `sid` int(25) NOT NULL AUTO_INCREMENT, AUTO_INCREMENT=80;

--
-- 使用資料表自動遞增(AUTO_INCREMENT) `product_reserve`
--
ALTER TABLE `product_reserve`
  MODIFY `sid` int(255) NOT NULL AUTO_INCREMENT, AUTO_INCREMENT=63;

--
-- 使用資料表自動遞增(AUTO_INCREMENT) `product_spec`
--
ALTER TABLE `product_spec`
  MODIFY `sid` int(255) NOT NULL AUTO_INCREMENT, AUTO_INCREMENT=2103;

--
-- 使用資料表自動遞增(AUTO_INCREMENT) `product_type`
--
ALTER TABLE `product_type`
  MODIFY `sid` int(255) NOT NULL AUTO_INCREMENT, AUTO_INCREMENT=7;

--
-- 使用資料表自動遞增(AUTO_INCREMENT) `reserve_type`
--
ALTER TABLE `reserve_type`
  MODIFY `sid` int(255) NOT NULL AUTO_INCREMENT, AUTO_INCREMENT=4;

--
-- 使用資料表自動遞增(AUTO_INCREMENT) `supplier`
--
ALTER TABLE `supplier`
  MODIFY `sid` int(255) NOT NULL AUTO_INCREMENT, AUTO_INCREMENT=61;

--
-- 已傾印資料表的限制式
--

--
-- 資料表的限制式 `product_reserve`
--
ALTER TABLE `product_reserve`
  ADD CONSTRAINT `product_reserve_ibfk_1` FOREIGN KEY (`reserve_type`) REFERENCES `reserve_type` (`sid`),
  ADD CONSTRAINT `product_reserve_ibfk_2` FOREIGN KEY (`location`) REFERENCES `building_type` (`sid`);
COMMIT;

/*!40101 SET CHARACTER_SET_CLIENT=@OLD_CHARACTER_SET_CLIENT */;
/*!40101 SET CHARACTER_SET_RESULTS=@OLD_CHARACTER_SET_RESULTS */;
/*!40101 SET COLLATION_CONNECTION=@OLD_COLLATION_CONNECTION */;
