-- phpMyAdmin SQL Dump
-- version 5.1.1
-- https://www.phpmyadmin.net/
--
-- 主機： 127.0.0.1
-- 產生時間： 2022-01-12 04:55:29
-- 伺服器版本： 10.4.22-MariaDB
-- PHP 版本： 7.4.26

SET SQL_MODE = "NO_AUTO_VALUE_ON_ZERO";
START TRANSACTION;
SET time_zone = "+00:00";


/*!40101 SET @OLD_CHARACTER_SET_CLIENT=@@CHARACTER_SET_CLIENT */;
/*!40101 SET @OLD_CHARACTER_SET_RESULTS=@@CHARACTER_SET_RESULTS */;
/*!40101 SET @OLD_COLLATION_CONNECTION=@@COLLATION_CONNECTION */;
/*!40101 SET NAMES utf8mb4 */;

--
-- 資料庫: `wildjungle`
--

-- --------------------------------------------------------

--
-- 資料表結構 `address_1`
--

CREATE TABLE `address_1` (
  `sid` int(11) NOT NULL,
  `name` varchar(255) DEFAULT NULL,
  `English_name` varchar(255) DEFAULT NULL,
  `species` varchar(255) DEFAULT NULL,
  `origin` varchar(255) DEFAULT NULL,
  `birthday` date DEFAULT NULL,
  `remark` varchar(255) DEFAULT NULL
) ENGINE=InnoDB DEFAULT CHARSET=utf8mb4;

--
-- 傾印資料表的資料 `address_1`
--

INSERT INTO `address_1` (`sid`, `name`, `English_name`, `species`, `origin`, `birthday`, `remark`) VALUES
(21, ' 灰狐', 'Urocyon cinereoargenteus', '犬科 Canidae', '為美洲的特產。分布範圍從北美南部到中美和南美北部。', '2022-01-21', '棲息於森林地帶。善於爬樹。喜獨居。'),
(22, '刺蝟', 'Erinaceinae', '真盲缺目 Eulipotyphla', '廣泛分布在歐洲、亞洲北部', '2022-01-07', '刺蝟能存活4-7年，但作為寵物的刺蝟，據記載有曾存活達16年的。'),
(23, '美洲獅', 'Puma concolor', '食肉目 Carnivora', '加拿大的育空地區', '2022-01-15', '以野生動物兔、羊、鹿為食');

-- --------------------------------------------------------

--
-- 資料表結構 `admins`
--

CREATE TABLE `admins` (
  `sid` int(11) NOT NULL,
  `account` varchar(255) NOT NULL,
  `password` varchar(255) NOT NULL,
  `nickname` varchar(255) NOT NULL
) ENGINE=InnoDB DEFAULT CHARSET=utf8;

--
-- 傾印資料表的資料 `admins`
--

INSERT INTO `admins` (`sid`, `account`, `password`, `nickname`) VALUES
(1, 'terryterry', '$2y$10$fkLR60zUr1lVFIywSPk6JelSlFxKhjoXXiXVi5eOlPIy8H1lpoeiC', 'littleterry');

-- --------------------------------------------------------

--
-- 資料表結構 `animal_touch`
--

CREATE TABLE `animal_touch` (
  `sid` int(11) NOT NULL,
  `actName` varchar(255) NOT NULL,
  `actTime_start` datetime NOT NULL,
  `actTime_end` datetime NOT NULL,
  `reserPeop` int(11) NOT NULL,
  `introduce` varchar(255) NOT NULL,
  `location` varchar(255) NOT NULL
) ENGINE=InnoDB DEFAULT CHARSET=utf8;

--
-- 傾印資料表的資料 `animal_touch`
--

INSERT INTO `animal_touch` (`sid`, `actName`, `actTime_start`, `actTime_end`, `reserPeop`, `introduce`, `location`) VALUES
(1, '擠羊奶囉', '2022-01-27 14:20:00', '2022-01-28 14:20:00', 22, '羊咩咩超可愛的！快點來體驗擠羊奶的樂趣！！！！！！', '樂活Ｚ館'),
(3, '馬術GOGO', '2022-01-06 09:00:00', '2022-01-06 10:00:00', 31, '要馬兒好就要讓馬兒吃草！快來體驗馬術活動！', '悠活Ｂ館'),
(6, '河馬碎西瓜', '2022-01-19 16:00:00', '2022-01-19 17:00:00', 28, '你能夠順利的將西瓜丟入河馬口中嗎？快來挑戰！', '大廣場Ｃ區'),
(7, '水豚君好餓', '2022-01-25 08:00:00', '2022-01-25 09:00:00', 14, '萌萌水豚君好餓喔！期待有緣人可以餵食～', '河畔Ａ區'),
(8, '騎大象', '2022-01-13 13:00:00', '2022-01-13 14:00:00', 11, '大象長長的鼻子正昂揚～不能站在巨人的肩膀至少可以坐在大象上！', '大廣場Ｂ區'),
(11, '我終於完成啦', '2022-02-20 15:38:00', '2022-02-21 15:38:00', 100000, '來看我自己寫好的insert！！！！！！', '310教室'),
(38, '牛奶補給站', '2022-01-12 09:27:00', '2022-01-12 00:27:00', 19, '好喝的牛奶在這裡！新鮮現擠，不好喝免錢！', '農村Ａ區'),
(39, '孤僻草泥馬', '2022-01-01 09:00:00', '2022-01-01 10:00:00', 1, '我...害羞......內向......沒事...不要...來......', '(不告訴你)');

-- --------------------------------------------------------

--
-- 資料表結構 `answer`
--

CREATE TABLE `answer` (
  `sid` int(11) NOT NULL,
  `acontent` varchar(255) NOT NULL,
  `yesno` varchar(255) NOT NULL,
  `question_sid` int(11) NOT NULL
) ENGINE=InnoDB DEFAULT CHARSET=utf8mb4;

--
-- 傾印資料表的資料 `answer`
--

INSERT INTO `answer` (`sid`, `acontent`, `yesno`, `question_sid`) VALUES
(5, '獵豹', 'wrong', 2),
(6, '蹬羚', 'wrong', 2),
(7, '非洲鴕鳥', 'right', 2),
(8, '會游泳，不會跑步', 'wrong', 3),
(9, '會游泳，也會跑步', 'wrong', 3),
(10, '不會游泳，也不會跑步', 'wrong', 3),
(11, '會跑步，不會游泳', 'right', 3),
(12, '企鵝是一夫一妻制', 'wrong', 4),
(13, '企鵝在赤道附近的環境中是無法生存的', 'right', 4),
(14, '企鵝的祖先原本是可以飛的', 'wrong', 4),
(15, '和鳥類相似，企鵝也靠聲音和動作求偶', 'wrong', 4),
(16, '在澳洲，袋鼠的數量與人口數相近', 'wrong', 5),
(17, '袋鼠和人一樣早上活動，晚上休息', 'wrong', 5),
(18, '袋鼠一生中不太需要喝水', 'right', 5),
(19, '袋鼠子宮只有1個，不會隨時保持懷孕的狀態', 'wrong', 5),
(20, '3倍', 'right', 6),
(21, '一樣慢', 'wrong', 6),
(22, '5倍', 'wrong', 6),
(23, '2倍', 'wrong', 6),
(24, '有潔癖，所以洗乾淨再吃', 'wrong', 7),
(25, '因為視力較差，前爪泡到水中觸摸東西可以讓牠們了解食物的外型和質地', 'right', 7),
(26, '因為鼻子十分靈敏，藉由泡到水中降低食物的氣味', 'wrong', 7),
(27, '因為牙齒不好，在水中洗過，食物吃起來會比較軟', 'wrong', 7),
(28, '基因', 'wrong', 8),
(29, '海水的鹽度', 'wrong', 8),
(30, '孵化時的溫度', 'right', 8),
(31, '產卵時眼淚流出的量', 'wrong', 8),
(32, '30,000多顆', 'right', 9),
(33, '10,000多顆', 'wrong', 9),
(34, '15,000多顆', 'wrong', 9),
(35, '50,000多顆', 'wrong', 9),
(36, '藍鯨', 'wrong', 10),
(37, '鯨鯊', 'right', 10),
(38, '大白鯊', 'wrong', 10),
(39, '公牛鯊', 'wrong', 10),
(40, '和人類相同，大象的懷孕周期為10個月', 'wrong', 11),
(41, '大象的耳朵有降溫的效果', 'right', 11),
(42, '大象和蜜蜂在大自然中是很好的朋友', 'wrong', 11),
(43, '大象只能使用鼻子或嘴巴呼吸', 'wrong', 11),
(44, '8隻腳', 'wrong', 12),
(45, '10隻腳', 'right', 12),
(46, '6隻腳', 'wrong', 12),
(47, '12隻腳', 'wrong', 12),
(54, '3顆', 'right', 32),
(55, '0顆', 'wrong', 32),
(56, '8顆', 'wrong', 32),
(57, '1顆', 'wrong', 32),
(87, '人類', 'wrong', 2),
(96, '黑色', 'right', 1),
(97, '白色', 'wrong', 1),
(98, '灰色', 'wrong', 1),
(99, '黑白相間', 'wrong', 1),
(100, '1顆', 'right', 42),
(101, '2顆', 'wrong', 42),
(102, '3顆', 'wrong', 42),
(103, '沒有頭', 'wrong', 42),
(104, '深海區', 'right', 43),
(105, '淺水區', 'wrong', 43),
(106, '陸地', 'wrong', 43),
(107, '熱帶草原', 'wrong', 43),
(108, '每一集都有', 'right', 44),
(109, '第三集', 'wrong', 44),
(110, '最後一集', 'wrong', 44),
(111, '第一集', 'wrong', 44);

-- --------------------------------------------------------

--
-- 資料表結構 `building_type`
--

CREATE TABLE `building_type` (
  `sid` int(255) NOT NULL,
  `building_name` varchar(255) NOT NULL
) ENGINE=InnoDB DEFAULT CHARSET=utf8;

--
-- 傾印資料表的資料 `building_type`
--

INSERT INTO `building_type` (`sid`, `building_name`) VALUES
(1, '熱帶'),
(2, '夜行'),
(3, '海底'),
(4, '冰原');

-- --------------------------------------------------------

--
-- 資料表結構 `grade`
--

CREATE TABLE `grade` (
  `grade_sid` int(11) NOT NULL,
  `grade_name` varchar(2) NOT NULL,
  `amount` int(11) NOT NULL,
  `priceCut` varchar(255) NOT NULL
) ENGINE=InnoDB DEFAULT CHARSET=utf8;

--
-- 傾印資料表的資料 `grade`
--

INSERT INTO `grade` (`grade_sid`, `grade_name`, `amount`, `priceCut`) VALUES
(1, '一般', 1000, '一次免運'),
(2, '黃金', 1500, '9折'),
(3, '白金', 2000, '85折'),
(4, '鑽石', 3000, '8折');

-- --------------------------------------------------------

--
-- 資料表結構 `members`
--

CREATE TABLE `members` (
  `sid` int(11) NOT NULL,
  `email` varchar(255) NOT NULL,
  `name` varchar(255) NOT NULL,
  `password` varchar(255) NOT NULL,
  `mobile` varchar(255) NOT NULL,
  `birthday` date NOT NULL,
  `address` varchar(255) NOT NULL,
  `grade_sid` int(11) NOT NULL,
  `img` varchar(255) NOT NULL,
  `order_amount` int(11) NOT NULL
) ENGINE=InnoDB DEFAULT CHARSET=utf8mb4;

--
-- 傾印資料表的資料 `members`
--

INSERT INTO `members` (`sid`, `email`, `name`, `password`, `mobile`, `birthday`, `address`, `grade_sid`, `img`, `order_amount`) VALUES
(102, 'tai99@gmail.com', '小陶99', '412356', '0916327548', '2006-06-05', '桃園市', 3, '', 0),
(237, 'tai0@gmail.com', '小陶0', '532416', '0967518234', '1994-12-03', '桃園市', 2, '', 0),
(238, 'tai1@gmail.com', '小陶1', '563412', '0954372861', '1984-04-09', '桃園市', 1, '', 0),
(239, 'tai2@gmail.com', '小陶2', '642531', '0928651473', '2008-08-31', '桃園市', 4, '', 0),
(240, 'tai3@gmail.com', '小陶3', '243165', '0954261378', '2017-02-23', '桃園市', 2, '', 0),
(241, 'tai4@gmail.com', '小陶4', '326154', '0984651372', '2019-10-30', '桃園市', 3, '', 0),
(242, 'tai5@gmail.com', '小陶5', '236541', '0971563824', '2013-12-04', '桃園市', 1, '', 0),
(243, 'tai6@gmail.com', '小陶6', '265413', '0972534186', '2017-11-25', '桃園市', 3, '', 0),
(244, 'tai7@gmail.com', '小陶7', '465132', '0943568127', '2006-08-07', '桃園市', 2, '', 0),
(245, 'tai8@gmail.com', '小陶8', '352614', '0916538472', '2016-09-21', '桃園市', 2, '', 0),
(246, 'tai9@gmail.com', '小陶9', '436152', '0925684173', '2016-05-12', '桃園市', 4, '', 0),
(247, 'tai10@gmail.com', '小陶10', '461532', '0927618345', '1983-04-29', '桃園市', 3, '', 0),
(248, 'tai11@gmail.com', '小陶11', '563412', '0921567483', '1978-08-13', '桃園市', 3, '', 0),
(249, 'tai12@gmail.com', '小陶12', '425613', '0967318425', '2004-03-08', '桃園市', 1, '', 0),
(250, 'tai13@gmail.com', '小陶13', '261354', '0963528741', '2020-10-06', '桃園市', 3, '', 0),
(251, 'tai14@gmail.com', '小陶14', '135426', '0934215768', '1998-07-07', '桃園市', 2, '', 0),
(252, 'tai15@gmail.com', '小陶15', '165432', '0983217546', '2006-06-19', '桃園市', 4, '', 0),
(253, 'tai16@gmail.com', '小陶16', '254361', '0975146283', '1982-08-17', '桃園市', 1, '', 0),
(254, 'tai17@gmail.com', '小陶17', '325416', '0965782431', '1998-04-29', '桃園市', 4, '', 0),
(255, 'tai18@gmail.com', '小陶18', '532461', '0946532187', '2018-04-25', '桃園市', 2, '', 0),
(256, 'tai19@gmail.com', '小陶19', '214563', '0946187523', '2010-05-03', '桃園市', 2, '', 0),
(257, 'tai20@gmail.com', '小陶20', '142536', '0963721584', '2003-02-06', '桃園市', 3, '', 0),
(258, 'tai21@gmail.com', '小陶21', '623145', '0968134527', '1982-04-11', '桃園市', 4, '', 0),
(259, 'tai22@gmail.com', '小陶22', '316452', '0943167582', '1988-06-15', '桃園市', 4, '', 0),
(260, 'tai23@gmail.com', '小陶23', '621534', '0967215843', '1986-08-14', '桃園市', 3, '', 0),
(261, 'tai24@gmail.com', '小陶24', '245361', '0956178324', '2004-05-21', '桃園市', 4, '', 0),
(262, 'tai25@gmail.com', '小陶25', '326415', '0913467528', '1995-08-27', '桃園市', 4, '', 0),
(263, 'tai26@gmail.com', '小陶26', '362514', '0931452786', '2009-02-07', '桃園市', 4, '', 0),
(264, 'tai27@gmail.com', '小陶27', '341265', '0946238157', '2019-09-04', '桃園市', 2, '', 0),
(265, 'tai28@gmail.com', '小陶28', '615234', '0946532781', '1973-02-13', '桃園市', 2, '', 0),
(266, 'tai29@gmail.com', '小陶29', '526143', '0923451876', '1990-07-16', '桃園市', 2, '', 0),
(267, 'tai30@gmail.com', '小陶30', '312654', '0967815423', '1970-05-06', '桃園市', 4, '', 0),
(268, 'tai31@gmail.com', '小陶31', '561342', '0935481276', '1994-03-24', '桃園市', 3, '', 0),
(269, 'tai32@gmail.com', '小陶32', '642513', '0981463257', '2015-01-06', '桃園市', 2, '', 0),
(270, 'tai33@gmail.com', '小陶33', '243516', '0923176584', '1980-01-19', '桃園市', 1, '', 0),
(271, 'tai34@gmail.com', '小陶34', '415623', '0987514263', '1978-03-11', '桃園市', 1, '', 0),
(272, 'tai35@gmail.com', '小陶35', '142653', '0985176324', '2003-08-22', '桃園市', 3, '', 0),
(273, 'tai36@gmail.com', '小陶36', '236415', '0981275463', '1996-09-23', '桃園市', 1, '', 0),
(274, 'tai37@gmail.com', '小陶37', '641523', '0976132458', '2012-02-27', '桃園市', 3, '', 0),
(275, 'tai38@gmail.com', '小陶38', '152643', '0925741386', '1993-02-05', '桃園市', 2, '', 0),
(276, 'tai39@gmail.com', '小陶39', '521463', '0963714258', '2017-09-24', '桃園市', 1, '', 0),
(277, 'tai40@gmail.com', '小陶40', '364125', '0914875326', '1982-08-01', '桃園市', 3, '', 0),
(278, 'tai41@gmail.com', '小陶41', '463125', '0926715483', '1985-09-05', '桃園市', 4, '', 0),
(279, 'tai42@gmail.com', '小陶42', '512346', '0958132746', '1974-04-15', '桃園市', 3, '', 0),
(280, 'tai43@gmail.com', '小陶43', '614235', '0915823647', '1995-04-22', '桃園市', 4, '', 0),
(281, 'tai44@gmail.com', '小陶44', '564213', '0912387564', '1976-09-09', '桃園市', 3, '', 0),
(282, 'tai45@gmail.com', '小陶45', '452613', '0954786312', '1989-05-18', '桃園市', 2, '', 0),
(283, 'tai46@gmail.com', '小陶46', '236145', '0924573186', '1983-05-08', '桃園市', 3, '', 0),
(284, 'tai47@gmail.com', '小陶47', '541362', '0972635814', '1980-10-18', '桃園市', 4, '', 0),
(285, 'tai48@gmail.com', '小陶48', '624531', '0948765123', '2016-08-25', '桃園市', 4, '', 0),
(286, 'tai49@gmail.com', '小陶49', '526143', '0912356478', '2020-08-29', '桃園市', 4, '', 0),
(287, 'tai50@gmail.com', '小陶50', '513246', '0916752843', '2017-05-16', '桃園市', 2, '', 0),
(288, 'tai51@gmail.com', '小陶51', '315624', '0936271548', '1986-12-07', '桃園市', 4, '', 0),
(289, 'tai52@gmail.com', '小陶52', '531264', '0973568412', '1982-01-22', '桃園市', 1, '', 0),
(290, 'tai53@gmail.com', '小陶53', '561243', '0961435872', '1970-05-11', '桃園市', 3, '', 0),
(291, 'tai54@gmail.com', '小陶54', '213645', '0934617852', '2020-01-29', '桃園市', 4, '', 0),
(292, 'tai55@gmail.com', '小陶55', '312645', '0985236147', '1973-04-16', '桃園市', 3, '', 0),
(293, 'tai56@gmail.com', '小陶56', '631452', '0923456178', '1984-09-07', '桃園市', 1, '', 0),
(294, 'tai57@gmail.com', '小陶57', '142536', '0942371685', '2018-09-08', '桃園市', 3, '', 0),
(295, 'tai58@gmail.com', '小陶58', '624351', '0924187365', '2011-02-02', '桃園市', 3, '', 0),
(296, 'tai59@gmail.com', '小陶59', '362451', '0986312457', '2001-12-31', '桃園市', 1, '', 0),
(297, 'tai60@gmail.com', '小陶60', '261534', '0964751283', '2018-12-28', '桃園市', 1, '', 0),
(298, 'tai61@gmail.com', '小陶61', '153246', '0946538172', '1990-08-05', '桃園市', 3, '', 0),
(299, 'tai62@gmail.com', '小陶62', '563142', '0962583147', '1981-12-29', '桃園市', 4, '', 0),
(300, 'tai63@gmail.com', '小陶63', '246153', '0918674325', '1983-07-17', '桃園市', 4, '', 0),
(301, 'tai64@gmail.com', '小陶64', '316524', '0925318674', '2004-02-10', '桃園市', 2, '', 0),
(302, 'tai65@gmail.com', '小陶65', '152634', '0943526817', '2009-10-15', '桃園市', 3, '', 0),
(303, 'tai66@gmail.com', '小陶66', '641523', '0975681423', '2016-08-25', '桃園市', 3, '', 0),
(304, 'tai67@gmail.com', '小陶67', '546213', '0918456237', '1994-09-24', '桃園市', 4, '', 0),
(305, 'tai68@gmail.com', '小陶68', '235146', '0927183546', '2009-12-11', '桃園市', 4, '', 0),
(306, 'tai69@gmail.com', '小陶69', '315462', '0972164538', '2021-11-01', '桃園市', 3, '', 0),
(307, 'tai70@gmail.com', '小陶70', '412365', '0958273641', '1972-01-22', '桃園市', 4, '', 0),
(308, 'tai71@gmail.com', '小陶71', '152643', '0914863527', '1997-08-03', '桃園市', 4, '', 0),
(309, 'tai72@gmail.com', '小陶72', '165342', '0981235764', '1999-02-21', '桃園市', 4, '', 0),
(310, 'tai73@gmail.com', '小陶73', '254613', '0965378421', '1995-11-27', '桃園市', 3, '', 0),
(311, 'tai74@gmail.com', '小陶74', '261543', '0934671825', '1980-08-20', '桃園市', 4, '', 0),
(312, 'tai75@gmail.com', '小陶75', '142653', '0931724658', '1994-07-26', '桃園', 3, '', 0),
(313, 'tai76@gmail.com', '小陶76', '651342', '0945321786', '1997-04-18', '桃園市', 3, '', 0),
(337, 'tai0@gmail.com', '小陶0', '623514', '0938216457', '1992-03-10', '桃園市', 2, '', 0),
(338, 'tai1@gmail.com', '小陶1', '542316', '0917834562', '2010-09-25', '桃園市', 3, '', 0),
(339, 'tai2@gmail.com', '小陶2', '345216', '0976135248', '1978-11-04', '桃園市', 1, '', 0),
(340, 'tai3@gmail.com', '小陶3', '243516', '0935684172', '1985-08-20', '桃園市', 4, '', 0),
(341, 'tai4@gmail.com', '小陶4', '452136', '0915268473', '2007-08-03', '桃園市', 2, '', 0),
(342, 'tai5@gmail.com', '小陶5', '524631', '0976423581', '2014-04-12', '桃園市', 4, '', 0),
(343, 'tai6@gmail.com', '小陶6', '546312', '0943618572', '1994-08-19', '桃園市', 1, '', 0),
(344, 'tai7@gmail.com', '小陶7', '312645', '0931475286', '1984-08-16', '桃園市', 4, '', 0),
(345, 'tai8@gmail.com', '小陶8', '253164', '0914875326', '1979-01-10', '桃園市', 4, '', 0),
(346, 'tai9@gmail.com', '小陶9', '163524', '0932645187', '2002-05-16', '桃園市', 3, '', 0),
(347, 'tai10@gmail.com', '小陶10', '132645', '0941256873', '2008-09-12', '桃園市', 4, '', 0),
(348, 'tai11@gmail.com', '小陶11', '132456', '0925786413', '2021-12-15', '桃園市', 4, '', 0),
(349, 'tai12@gmail.com', '小陶12', '321546', '0926187435', '2020-07-22', '桃園市', 4, '', 0),
(350, 'tai13@gmail.com', '小陶13', '164523', '0985317462', '2004-08-17', '桃園市', 1, '', 0),
(351, 'tai14@gmail.com', '小陶14', '412653', '0973825416', '1998-11-03', '桃園市', 1, '', 0),
(352, 'tai15@gmail.com', '小陶15', '432651', '0962781435', '1996-05-04', '桃園市', 4, '', 0),
(353, 'tai16@gmail.com', '小陶16', '164325', '0916278453', '2013-03-16', '桃園市', 1, '', 0),
(354, 'tai17@gmail.com', '小陶17', '416352', '0945176382', '2014-10-25', '桃園市', 2, '', 0),
(355, 'tai18@gmail.com', '小陶18', '154632', '0957183462', '2005-11-23', '桃園市', 1, '', 0),
(356, 'tai19@gmail.com', '小陶19', '634215', '0942615873', '2019-02-01', '桃園市', 2, '', 0),
(357, 'tai20@gmail.com', '小陶20', '154623', '0951628734', '2015-06-29', '桃園市', 1, '', 0),
(358, 'tai21@gmail.com', '小陶21', '365214', '0921476835', '1978-08-29', '桃園市', 3, '', 0),
(359, 'tai22@gmail.com', '小陶22', '456231', '0971358624', '2015-10-12', '桃園市', 1, '', 0),
(360, 'tai23@gmail.com', '小陶23', '231564', '0928431576', '2001-02-05', '桃園市', 4, '', 0),
(361, 'tai24@gmail.com', '小陶24', '256341', '0931482675', '1981-04-08', '桃園市', 4, '', 0),
(362, 'tai25@gmail.com', '小陶25', '153246', '0938721546', '2015-01-10', '桃園市', 4, '', 0),
(363, 'tai26@gmail.com', '小陶26', '312645', '0976425813', '1980-05-12', '桃園市', 4, '', 0),
(364, 'tai27@gmail.com', '小陶27', '463521', '0972156438', '2003-02-09', '桃園市', 3, '', 0),
(365, 'tai28@gmail.com', '小陶28', '124365', '0926513874', '2007-04-26', '桃園市', 3, '', 0),
(366, 'tai29@gmail.com', '小陶29', '152436', '0943527861', '1989-04-06', '桃園市', 3, '', 0),
(367, 'tai30@gmail.com', '小陶30', '321645', '0934258167', '1979-05-08', '桃園市', 3, '', 0),
(368, 'tai31@gmail.com', '小陶31', '165342', '0961745283', '2019-04-04', '桃園市', 4, '', 0),
(369, 'tai32@gmail.com', '小陶32', '645231', '0942157863', '1978-10-30', '桃園市', 1, '', 0),
(370, 'tai33@gmail.com', '小陶33', '562134', '0931582467', '2002-06-08', '桃園市', 4, '', 0),
(371, 'tai34@gmail.com', '小陶34', '365421', '0972154386', '1985-01-05', '桃園市', 3, '', 0),
(372, 'tai35@gmail.com', '小陶35', '413256', '0952843167', '2010-08-06', '桃園市', 3, '', 0),
(373, 'tai36@gmail.com', '小陶36', '436512', '0978321465', '2016-02-12', '桃園市', 4, '', 0),
(374, 'tai37@gmail.com', '小陶37', '562431', '0934521768', '2018-12-26', '桃園市', 4, '', 0),
(375, 'tai38@gmail.com', '小陶38', '326145', '0987362541', '1972-08-15', '桃園市', 1, '', 0),
(376, 'tai39@gmail.com', '小陶39', '534612', '0937812546', '2015-12-31', '桃園市', 1, '', 0),
(377, 'tai40@gmail.com', '小陶40', '645132', '0962854173', '2012-01-04', '桃園市', 1, '', 0),
(378, 'tai41@gmail.com', '小陶41', '254361', '0968731425', '2014-01-13', '桃園市', 1, '', 0),
(379, 'tai42@gmail.com', '小陶42', '254163', '0971523846', '1980-06-10', '桃園市', 2, '', 0),
(380, 'tai43@gmail.com', '小陶43', '526431', '0973451286', '1970-11-30', '桃園市', 2, '', 0),
(381, 'tai44@gmail.com', '小陶44', '542316', '0941752836', '1977-10-03', '桃園市', 2, '', 0),
(382, 'tai45@gmail.com', '小陶45', '163524', '0936824157', '1975-02-20', '桃園市', 1, '', 0),
(383, 'tai46@gmail.com', '小陶46', '321645', '0941236875', '1975-12-23', '桃園市', 3, '', 0),
(384, 'tai47@gmail.com', '小陶47', '413265', '0927354816', '2021-07-14', '桃園市', 3, '', 0),
(385, 'tai48@gmail.com', '小陶48', '423165', '0932645718', '2013-10-10', '桃園市', 3, '', 0),
(386, 'tai49@gmail.com', '小陶49', '264315', '0952673481', '1987-10-11', '桃園市', 2, '', 0),
(387, 'tai50@gmail.com', '小陶50', '516432', '0943628517', '2016-11-14', '桃園市', 1, '', 0),
(388, 'tai51@gmail.com', '小陶51', '124635', '0954682713', '1984-12-20', '桃園市', 1, '', 0),
(389, 'tai52@gmail.com', '小陶52', '213546', '0957284613', '1977-01-20', '桃園市', 2, '', 0),
(390, 'tai53@gmail.com', '小陶53', '425613', '0987265341', '2013-07-04', '桃園市', 3, '', 0),
(391, 'tai54@gmail.com', '小陶54', '521643', '0952834761', '2013-01-23', '桃園市', 4, '', 0),
(392, 'tai55@gmail.com', '小陶55', '153642', '0935761482', '2006-08-19', '桃園市', 4, '', 0),
(393, 'tai56@gmail.com', '小陶56', '423516', '0956841723', '1999-11-06', '桃園市', 3, '', 0),
(394, 'tai57@gmail.com', '小陶57', '536142', '0976182543', '1970-03-10', '桃園市', 3, '', 0),
(395, 'tai58@gmail.com', '小陶58', '251463', '0942571638', '1985-12-21', '桃園市', 3, '', 0),
(396, 'tai59@gmail.com', '小陶59', '461253', '0937614285', '1991-04-02', '桃園市', 1, '', 0),
(397, 'tai60@gmail.com', '小陶60', '642351', '0973462185', '2021-05-28', '桃園市', 1, '', 0),
(398, 'tai61@gmail.com', '小陶61', '415263', '0976835142', '1992-04-05', '桃園市', 4, '', 0),
(399, 'tai62@gmail.com', '小陶62', '251364', '0917325468', '1994-10-25', '桃園市', 2, '', 0),
(400, 'tai63@gmail.com', '小陶63', '621543', '0975324861', '2016-10-13', '桃園市', 1, '', 0),
(401, 'tai64@gmail.com', '小陶64', '356412', '0958162473', '2004-12-03', '桃園市', 1, '', 0),
(402, 'tai65@gmail.com', '小陶65', '236514', '0931864752', '1976-01-22', '桃園市', 3, '', 0),
(403, 'tai66@gmail.com', '小陶66', '432651', '0921564873', '1992-07-11', '桃園市', 1, '', 0),
(404, 'tai67@gmail.com', '小陶67', '462531', '0918734562', '2006-06-02', '桃園市', 3, '', 0),
(405, 'tai68@gmail.com', '小陶68', '251364', '0973145286', '2000-04-27', '桃園市', 3, '', 0),
(406, 'tai69@gmail.com', '小陶69', '621543', '0961857432', '1986-02-23', '桃園市', 3, '', 0),
(407, 'tai70@gmail.com', '小陶70', '546321', '0921753846', '1987-06-15', '桃園市', 3, '', 0),
(408, 'tai71@gmail.com', '小陶71', '315462', '0932756841', '2017-05-04', '桃園市', 2, '', 0),
(409, 'tai72@gmail.com', '小陶72', '651234', '0936842175', '2009-09-30', '桃園市', 4, '', 0),
(410, 'tai73@gmail.com', '小陶73', '436215', '0921738546', '1994-12-26', '桃園市', 3, '', 0),
(411, 'tai74@gmail.com', '小陶74', '612534', '0972581634', '1986-05-01', '桃園市', 4, '', 0),
(412, 'tai75@gmail.com', '小陶75', '654123', '0952746318', '2015-03-28', '桃園市', 1, '', 0),
(413, 'tai76@gmail.com', '小陶76', '264153', '0986753412', '1971-04-08', '桃園市', 4, '', 0),
(414, 'tai77@gmail.com', '小陶77', '154326', '0982157643', '1997-06-03', '桃園市', 3, '', 0),
(415, 'tai78@gmail.com', '小陶78', '251463', '0986354271', '2011-07-20', '桃園市', 3, '', 0),
(416, 'tai79@gmail.com', '小陶79', '136542', '0932476815', '2004-06-04', '桃園市', 1, '', 0),
(417, 'tai80@gmail.com', '小陶80', '425136', '0942756381', '2012-05-11', '桃園市', 4, '', 0),
(418, 'tai81@gmail.com', '小陶81', '246513', '0927468513', '2004-05-25', '桃園市', 3, '', 0),
(419, 'tai82@gmail.com', '小陶82', '352146', '0917486352', '1990-02-25', '桃園市', 3, '', 0),
(420, 'tai83@gmail.com', '小陶83', '251346', '0924163875', '2015-01-03', '桃園市', 4, '', 0),
(421, 'tai84@gmail.com', '小陶84', '631542', '0937546281', '2019-06-07', '桃園市', 3, '', 0),
(422, 'tai85@gmail.com', '小陶85', '256413', '0913678245', '1986-10-24', '桃園市', 3, '', 0),
(423, 'tai86@gmail.com', '小陶86', '265413', '0957146823', '2002-11-25', '桃園市', 3, '', 0),
(424, 'tai87@gmail.com', '小陶87', '243156', '0985471326', '1988-05-02', '桃園市', 2, '', 0),
(425, 'tai88@gmail.com', '小陶88', '654231', '0986735412', '1994-02-03', '桃園市', 1, '', 0),
(426, 'tai89@gmail.com', '小陶89', '432615', '0963482571', '1981-12-12', '桃園市', 4, '', 0),
(427, 'tai90@gmail.com', '小陶90', '632145', '0932467851', '2014-04-22', '桃園市', 2, '', 0),
(428, 'tai91@gmail.com', '小陶91', '351624', '0913586427', '1976-01-25', '桃園市', 1, '', 0),
(429, 'tai92@gmail.com', '小陶92', '162435', '0973584216', '1984-10-03', '桃園市', 3, '', 0),
(430, 'tai93@gmail.com', '小陶93', '642351', '0923714685', '1998-11-24', '桃園市', 3, '', 0),
(431, 'tai94@gmail.com', '小陶94', '615423', '0957482136', '1980-01-01', '桃園市', 1, '', 0),
(432, 'tai95@gmail.com', '小陶95', '146253', '0926417538', '1996-06-10', '桃園市', 1, '', 0),
(433, 'tai96@gmail.com', '小陶96', '145263', '0926845137', '1988-06-06', '桃園市', 4, '', 0),
(434, 'tai97@gmail.com', '小陶97', '365421', '0914238756', '2004-11-19', '桃園市', 1, '', 0),
(435, 'tai98@gmail.com', '小陶98', '621354', '0915237684', '1978-11-27', '桃園市', 3, '', 0),
(436, 'tai99@gmail.com', '小陶99', '354162', '0925437186', '1992-01-16', '桃園市', 2, '', 0);

-- --------------------------------------------------------

--
-- 資料表結構 `orders`
--

CREATE TABLE `orders` (
  `sid` int(11) NOT NULL,
  `users_sid` int(11) NOT NULL,
  `amount` int(11) NOT NULL,
  `order_date` datetime NOT NULL
) ENGINE=InnoDB DEFAULT CHARSET=utf8;

--
-- 傾印資料表的資料 `orders`
--

INSERT INTO `orders` (`sid`, `users_sid`, `amount`, `order_date`) VALUES
(111, 2, 5590, '2021-09-01 15:01:02'),
(112, 2, 8443, '2021-12-01 15:01:18'),
(113, 2, 3180, '2022-01-11 15:01:32'),
(114, 2, 516, '2022-01-11 18:41:23'),
(115, 2, 3000, '2022-01-11 18:41:42'),
(116, 2, 3300, '2022-01-11 18:42:16');

-- --------------------------------------------------------

--
-- 資料表結構 `order_details_activity`
--

CREATE TABLE `order_details_activity` (
  `sid` int(11) NOT NULL,
  `order_sid` int(11) NOT NULL,
  `activity_sid` int(11) NOT NULL,
  `activity_price` int(11) NOT NULL,
  `activity_quantity` int(11) NOT NULL,
  `start` date NOT NULL,
  `end` date NOT NULL
) ENGINE=InnoDB DEFAULT CHARSET=utf8;

-- --------------------------------------------------------

--
-- 資料表結構 `order_details_products`
--

CREATE TABLE `order_details_products` (
  `sid` int(11) NOT NULL,
  `order_sid` int(11) NOT NULL,
  `product_sid` int(11) NOT NULL,
  `product_price` int(11) NOT NULL,
  `product_quantity` int(11) NOT NULL
) ENGINE=InnoDB DEFAULT CHARSET=utf8;

--
-- 傾印資料表的資料 `order_details_products`
--

INSERT INTO `order_details_products` (`sid`, `order_sid`, `product_sid`, `product_price`, `product_quantity`) VALUES
(513, 111, 1, 399, 6),
(514, 111, 5, 799, 4),
(515, 112, 5, 799, 4),
(516, 112, 6, 500, 3),
(517, 112, 7, 799, 3),
(518, 112, 8, 450, 3),
(519, 113, 10, 399, 7),
(520, 113, 3, 129, 3),
(521, 114, 3, 129, 4),
(522, 115, 4, 500, 6),
(523, 116, 5, 799, 3),
(524, 116, 3, 129, 7);

-- --------------------------------------------------------

--
-- 資料表結構 `order_details_ticket`
--

CREATE TABLE `order_details_ticket` (
  `sid` int(11) NOT NULL,
  `order_sid` int(11) NOT NULL,
  `ticket_sid` int(11) NOT NULL,
  `ticket_price` int(11) NOT NULL,
  `ticket_quantity` int(11) NOT NULL
) ENGINE=InnoDB DEFAULT CHARSET=utf8;

-- --------------------------------------------------------

--
-- 資料表結構 `product_item`
--

CREATE TABLE `product_item` (
  `sid` int(25) NOT NULL,
  `name` varchar(255) NOT NULL,
  `type` int(255) NOT NULL,
  `specification` int(255) NOT NULL,
  `information` int(255) NOT NULL,
  `supplier` int(255) NOT NULL,
  `price` int(255) NOT NULL,
  `picture` varchar(255) NOT NULL,
  `create_at` date NOT NULL DEFAULT current_timestamp()
) ENGINE=InnoDB DEFAULT CHARSET=utf8mb4;

--
-- 傾印資料表的資料 `product_item`
--

INSERT INTO `product_item` (`sid`, `name`, `type`, `specification`, `information`, `supplier`, `price`, `picture`, `create_at`) VALUES
(1, '藍色鉛筆盒', 1, 2, 1, 1, 399, '3.jpg', '2016-01-04'),
(2, '橘色鉛筆盒', 6, 3, 13, 5, 399, '5.jpg', '2022-01-04'),
(3, '便簽組', 6, 7, 22, 25, 129, '6efacbfc432ee3c60546e58dee4485e5--sheep-pig-cute-cartoon-animals.jpg', '2022-01-26'),
(4, '浣熊拼圖', 2, 4, 6, 17, 500, 'GA-003.jpg', '2022-01-27'),
(5, '狐狸拼圖組', 2, 5, 1, 1, 799, 'GA-005.jpg', '2022-01-19'),
(6, '大豬公拼圖組', 2, 6, 9, 36, 500, 'GA-017.jpg', '2022-01-21'),
(7, '紅鶴拼圖', 2, 1, 9, 1, 799, 'GA-021.jpg', '2018-06-13'),
(8, '雞8鴨燈', 3, 12, 12, 1, 450, 'DN-002.jpg', '2016-06-14'),
(9, '不是麥片是碗組', 3, 23, 13, 12, 650, 'DN-019.jpg', '2016-06-24'),
(10, '遠離保險', 3, 15, 1, 1, 399, 'DN-012.jpg', '2022-01-01'),
(11, 'test11', 3, 45, 64, 60, 441, '圖11.jpg', '2022-01-10'),
(12, 'test12', 4, 61, 100, 5, 626, '圖12.jpg', '2022-01-10'),
(13, 'test13', 5, 67, 38, 39, 568, '圖13.jpg', '2022-01-10'),
(14, 'test14', 4, 1, 72, 37, 1177, '圖14.jpg', '2022-01-10'),
(15, 'test15', 6, 68, 24, 46, 847, '圖15.jpg', '2022-01-10'),
(16, 'test16', 4, 43, 90, 37, 665, '圖16.jpg', '2022-01-10'),
(17, 'test17', 2, 91, 39, 3, 269, '圖17.jpg', '2022-01-10'),
(18, 'test18', 5, 8, 4, 6, 311, '圖18.jpg', '2022-01-10'),
(19, 'test19', 5, 87, 82, 45, 371, '圖19.jpg', '2022-01-10'),
(20, 'test20', 3, 98, 90, 14, 1229, '圖20.jpg', '2022-01-10'),
(21, 'test21', 2, 15, 31, 29, 1312, '圖21.jpg', '2022-01-10'),
(23, 'test23', 3, 10, 57, 55, 954, '圖23.jpg', '2022-01-10'),
(24, 'test24', 5, 89, 46, 10, 1447, '圖24.jpg', '2022-01-10'),
(25, 'test25', 1, 69, 31, 21, 879, '圖25.jpg', '2022-01-10'),
(26, 'test26', 5, 16, 75, 16, 1190, '圖26.jpg', '2022-01-10'),
(27, 'test27', 2, 83, 54, 43, 272, '圖27.jpg', '2022-01-10'),
(28, 'test28', 3, 83, 41, 38, 1075, '圖28.jpg', '2022-01-10'),
(29, 'test29', 1, 1, 91, 18, 1179, '圖29.jpg', '2022-01-10'),
(30, 'test30', 4, 94, 15, 58, 737, '圖30.jpg', '2022-01-10'),
(31, 'test31', 5, 32, 58, 31, 109, '圖31.jpg', '2022-01-10'),
(32, 'test32', 4, 42, 32, 8, 88, '圖32.jpg', '2022-01-10'),
(33, 'test33', 1, 50, 91, 16, 690, '圖33.jpg', '2022-01-10'),
(34, 'test34', 4, 75, 49, 60, 706, '圖34.jpg', '2022-01-10'),
(35, 'test35', 3, 11, 100, 57, 97, '圖35.jpg', '2022-01-10'),
(36, 'test36', 2, 64, 27, 2, 1329, '圖36.jpg', '2022-01-10'),
(37, 'test37', 2, 86, 30, 12, 381, '圖37.jpg', '2022-01-10'),
(38, 'test38', 5, 41, 19, 36, 950, '圖38.jpg', '2022-01-10'),
(39, 'test39', 5, 95, 79, 33, 1273, '圖39.jpg', '2022-01-10'),
(40, 'test40', 5, 40, 81, 20, 1362, '圖40.jpg', '2022-01-10'),
(41, 'test41', 2, 71, 87, 7, 736, '圖41.jpg', '2022-01-10'),
(42, 'test42', 6, 37, 98, 27, 373, '圖42.jpg', '2022-01-10'),
(43, 'test43', 3, 14, 40, 43, 449, '圖43.jpg', '2022-01-10'),
(44, 'test44', 2, 23, 93, 46, 1217, '圖44.jpg', '2022-01-10'),
(45, 'test45', 1, 1, 61, 31, 879, '圖45.jpg', '2022-01-10'),
(46, 'test46', 1, 75, 72, 27, 939, '圖46.jpg', '2022-01-10'),
(47, 'test47', 6, 72, 44, 56, 251, '圖47.jpg', '2022-01-10'),
(48, 'test48', 1, 100, 99, 52, 717, '圖48.jpg', '2022-01-10'),
(49, 'test49', 1, 87, 7, 41, 1138, '圖49.jpg', '2022-01-10'),
(50, 'test50', 1, 12, 3, 55, 1384, '圖50.jpg', '2022-01-10'),
(51, 'test51', 4, 21, 83, 30, 1364, '圖51.jpg', '2022-01-10'),
(52, 'test52', 6, 21, 35, 40, 220, '圖52.jpg', '2022-01-10'),
(53, 'test53', 4, 58, 97, 53, 1335, '圖53.jpg', '2022-01-10'),
(54, 'test54', 4, 13, 54, 8, 516, '圖54.jpg', '2022-01-10'),
(55, 'test55', 1, 51, 29, 3, 950, '圖55.jpg', '2022-01-10'),
(56, 'test56', 3, 37, 88, 26, 362, '圖56.jpg', '2022-01-10'),
(57, 'test57', 6, 76, 14, 51, 601, '圖57.jpg', '2022-01-10'),
(58, 'test58', 1, 41, 14, 24, 1082, '圖58.jpg', '2022-01-10'),
(59, 'test59', 5, 3, 1, 18, 1243, '圖59.jpg', '2022-01-10'),
(60, 'test60', 4, 57, 13, 28, 1212, '圖60.jpg', '2022-01-10'),
(61, 'test61', 4, 23, 17, 15, 931, '圖61.jpg', '2022-01-10'),
(62, 'test62', 3, 79, 8, 38, 1213, '圖62.jpg', '2022-01-10'),
(63, 'test63', 5, 97, 37, 41, 1278, '圖63.jpg', '2022-01-10'),
(64, 'test64', 5, 95, 79, 40, 205, '圖64.jpg', '2022-01-10'),
(68, 'test68', 1, 85, 91, 18, 666, '圖68.jpg', '2022-01-10'),
(69, 'test69', 2, 67, 84, 4, 246, '圖69.jpg', '2022-01-10'),
(70, '珍愛地球北極熊拼圖組', 2, 38, 21, 41, 1299, '圖84.jpg', '2019-10-24'),
(71, '顯瘦獅子服裝', 5, 23, 13, 1, 899, '圖20.jpg', '2019-10-22'),
(72, '培養牌品四色牌組', 2, 29, 20, 17, 699, '圖94.jpg', '2012-01-17'),
(73, '鯨魚開口笑筆筒', 6, 29, 18, 33, 499, '圖24.jpg', '2015-02-10'),
(74, '藍鳥文具組', 6, 1, 1, 1, 900, '圖8.jpg', '2016-06-14'),
(75, '動物圖騰服飾', 5, 1, 23, 1, 799, '圖14.jpg', '2015-02-17'),
(76, '愛的豹抱拖', 3, 41, 31, 54, 799, '圖33.jpg', '2015-02-09'),
(77, '造型收線盒', 3, 29, 48, 1, 599, '圖50.jpg', '2012-06-19'),
(78, '台灣黑熊門簾', 3, 25, 56, 24, 499, '圖44.jpg', '2018-10-15'),
(79, '12生肖動物牌', 2, 28, 5, 21, 899, '圖94.jpg', '2019-06-09');

-- --------------------------------------------------------

--
-- 資料表結構 `product_reserve`
--

CREATE TABLE `product_reserve` (
  `sid` int(255) NOT NULL,
  `reserve_type` int(255) NOT NULL,
  `quantity_ware` int(255) DEFAULT NULL,
  `quantity_location` int(255) DEFAULT NULL,
  `location` int(255) DEFAULT NULL,
  `create_at` date NOT NULL
) ENGINE=InnoDB DEFAULT CHARSET=utf8;

--
-- 傾印資料表的資料 `product_reserve`
--

INSERT INTO `product_reserve` (`sid`, `reserve_type`, `quantity_ware`, `quantity_location`, `location`, `create_at`) VALUES
(1, 1, 233, 0, NULL, '2022-01-01'),
(2, 1, 150, 0, NULL, '2009-01-07'),
(3, 1, 439, 0, NULL, '1999-12-23'),
(4, 1, 289, 0, NULL, '1985-04-11'),
(5, 1, 312, 0, NULL, '2019-01-18'),
(6, 1, 517, 0, NULL, '1987-03-05'),
(7, 1, 78, 0, NULL, '2014-09-29'),
(8, 1, 466, 0, NULL, '2014-10-21'),
(9, 1, 186, 0, NULL, '1984-10-27'),
(10, 1, 575, 0, NULL, '2018-09-04'),
(11, 1, 587, 0, NULL, '2018-07-14'),
(12, 1, 104, 0, NULL, '2005-09-25'),
(13, 1, 243, 0, NULL, '1981-04-27'),
(14, 1, 158, 0, NULL, '2005-11-17'),
(15, 1, 256, 0, NULL, '2017-02-03'),
(16, 1, 588, 0, NULL, '1995-10-17'),
(17, 1, 595, 0, NULL, '2013-11-21'),
(18, 1, 535, 0, NULL, '2008-05-31'),
(19, 1, 280, 0, NULL, '2007-11-19'),
(20, 1, 451, 0, NULL, '2006-05-30'),
(21, 1, 146, 0, NULL, '1995-01-23'),
(22, 2, 0, 449, 3, '1973-11-27'),
(23, 2, 0, 592, 4, '2007-07-26'),
(24, 2, 0, 104, 2, '1986-02-10'),
(25, 2, 0, 145, 3, '2001-12-29'),
(26, 2, 0, 425, 4, '1976-08-17'),
(27, 2, 0, 525, 4, '1997-01-28'),
(28, 2, 0, 510, 3, '2020-10-12'),
(29, 2, 0, 240, 3, '2001-10-15'),
(30, 2, 0, 404, 2, '1973-05-02'),
(31, 2, 0, 246, 3, '2014-04-26'),
(32, 2, 0, 107, 1, '1996-08-20'),
(33, 2, 0, 509, 1, '1994-11-09'),
(34, 2, 0, 477, 3, '2014-05-23'),
(35, 2, 0, 217, 4, '2020-06-25'),
(36, 2, 0, 501, 1, '2000-07-13'),
(37, 2, 0, 528, 4, '1999-08-11'),
(38, 2, 0, 297, 4, '2000-06-05'),
(39, 2, 0, 553, 4, '2017-02-15'),
(40, 2, 0, 563, 2, '2017-11-18'),
(41, 2, 0, 297, 4, '1992-04-23'),
(42, 3, 561, 313, 4, '2017-01-12'),
(43, 3, 227, 182, 3, '1994-10-04'),
(44, 3, 220, 491, 3, '2006-08-21'),
(45, 3, 356, 422, 2, '1993-01-30'),
(46, 3, 462, 239, 2, '1994-03-05'),
(47, 3, 173, 133, 4, '1970-11-23'),
(48, 3, 204, 392, 4, '2006-08-31'),
(49, 3, 106, 186, 4, '2005-04-04'),
(50, 3, 181, 254, 4, '1992-03-29'),
(51, 3, 488, 177, 1, '2013-01-16'),
(52, 3, 157, 87, 3, '2016-11-14'),
(53, 3, 66, 522, 3, '2017-12-14'),
(54, 3, 352, 524, 1, '2005-02-04'),
(55, 3, 77, 370, 2, '2002-09-02'),
(56, 3, 118, 483, 1, '1994-12-12'),
(57, 3, 317, 33, 2, '1995-03-25'),
(58, 3, 386, 16, 4, '1985-08-08'),
(59, 3, 89, 500, 4, '1979-06-19'),
(60, 3, 494, 194, 2, '2012-10-15'),
(61, 3, 310, 342, 4, '1991-01-22'),
(62, 1, 999, 0, NULL, '2022-01-19');

-- --------------------------------------------------------

--
-- 資料表結構 `product_spec`
--

CREATE TABLE `product_spec` (
  `sid` int(255) NOT NULL,
  `product_lengh(cm)` int(255) NOT NULL,
  `product_width(cm)` int(255) NOT NULL,
  `product_height(cm)` int(255) NOT NULL,
  `product_weight(g)` int(255) NOT NULL
) ENGINE=InnoDB DEFAULT CHARSET=utf8;

--
-- 傾印資料表的資料 `product_spec`
--

INSERT INTO `product_spec` (`sid`, `product_lengh(cm)`, `product_width(cm)`, `product_height(cm)`, `product_weight(g)`) VALUES
(1, 23, 24, 35, 123),
(2, 13, 23, 23, 231),
(3, 31, 32, 23, 312),
(4, 31, 32, 32, 213),
(5, 13, 23, 32, 321),
(6, 13, 32, 23, 231),
(7, 13, 23, 23, 321),
(8, 31, 32, 23, 123),
(9, 31, 23, 32, 132),
(10, 13, 32, 32, 123),
(11, 234, 234, 32, 23424),
(12, 33, 22, 33, 444),
(14, 53, 69, 22, 228),
(15, 42, 98, 28, 537),
(16, 81, 54, 11, 964),
(17, 91, 96, 43, 192),
(18, 29, 11, 63, 198),
(19, 35, 18, 15, 642),
(20, 62, 76, 49, 205),
(21, 73, 89, 76, 646),
(22, 91, 23, 63, 435),
(23, 40, 11, 15, 739),
(24, 14, 13, 48, 759),
(25, 52, 64, 66, 800),
(26, 40, 37, 96, 441),
(27, 53, 58, 16, 900),
(28, 56, 41, 78, 451),
(29, 26, 31, 40, 272),
(30, 23, 87, 83, 618),
(31, 57, 60, 14, 131),
(32, 77, 79, 75, 787),
(33, 83, 56, 61, 483),
(34, 80, 45, 40, 732),
(35, 61, 46, 43, 922),
(36, 22, 41, 33, 352),
(37, 90, 51, 86, 510),
(38, 27, 92, 17, 893),
(39, 73, 25, 40, 350),
(40, 76, 27, 17, 37),
(41, 20, 58, 57, 426),
(42, 65, 46, 33, 584),
(43, 58, 19, 40, 661),
(44, 55, 86, 52, 343),
(45, 88, 61, 87, 674),
(46, 76, 27, 52, 488),
(47, 21, 60, 90, 900),
(48, 78, 30, 86, 510),
(49, 73, 85, 29, 178),
(50, 45, 73, 43, 221),
(51, 51, 10, 91, 552),
(52, 37, 52, 32, 418),
(53, 94, 67, 56, 277),
(54, 47, 83, 74, 702),
(55, 62, 36, 11, 925),
(56, 15, 82, 32, 445),
(57, 18, 96, 85, 459),
(58, 66, 59, 91, 131),
(59, 79, 66, 50, 327),
(60, 61, 80, 47, 208),
(61, 90, 69, 76, 269),
(62, 16, 32, 33, 389),
(63, 56, 31, 50, 713),
(64, 54, 77, 42, 225),
(65, 68, 34, 53, 584),
(66, 44, 81, 60, 967),
(67, 29, 90, 39, 890),
(68, 17, 28, 66, 652),
(69, 69, 67, 84, 231),
(70, 37, 51, 56, 391),
(71, 30, 47, 34, 912),
(72, 80, 90, 15, 594),
(73, 25, 33, 17, 940),
(74, 77, 52, 87, 568),
(75, 12, 42, 98, 569),
(76, 68, 24, 98, 712),
(77, 15, 41, 21, 18),
(78, 83, 41, 93, 815),
(79, 89, 14, 71, 724),
(80, 15, 74, 10, 635),
(81, 31, 97, 89, 197),
(82, 45, 67, 30, 685),
(83, 84, 44, 32, 683),
(84, 62, 35, 28, 509),
(85, 66, 96, 84, 392),
(86, 25, 79, 56, 509),
(87, 40, 62, 27, 593),
(88, 26, 36, 47, 79),
(89, 20, 19, 44, 546),
(90, 71, 80, 28, 108),
(91, 55, 12, 61, 641),
(92, 32, 52, 96, 79),
(93, 84, 58, 93, 380),
(94, 69, 95, 28, 870),
(95, 52, 60, 17, 963),
(96, 73, 27, 83, 754),
(97, 67, 11, 45, 531),
(98, 91, 10, 73, 384),
(99, 92, 92, 77, 849),
(100, 72, 52, 33, 138),
(101, 76, 45, 19, 818),
(102, 33, 94, 59, 550),
(103, 79, 45, 36, 908),
(104, 57, 39, 49, 757),
(105, 63, 39, 59, 918),
(106, 70, 81, 65, 798),
(107, 19, 56, 86, 577),
(108, 52, 11, 38, 528),
(109, 66, 14, 52, 408),
(110, 16, 19, 28, 87),
(111, 46, 16, 91, 628);

-- --------------------------------------------------------

--
-- 資料表結構 `product_type`
--

CREATE TABLE `product_type` (
  `sid` int(255) NOT NULL,
  `type_name` varchar(255) NOT NULL,
  `create_at` date NOT NULL
) ENGINE=InnoDB DEFAULT CHARSET=utf8mb4;

--
-- 傾印資料表的資料 `product_type`
--

INSERT INTO `product_type` (`sid`, `type_name`, `create_at`) VALUES
(1, '絨毛玩具', '2015-01-02'),
(2, '益智遊戲', '2017-01-04'),
(3, '生活用品', '2017-01-11'),
(4, '圖書', '2020-01-09'),
(5, '服裝', '2019-01-10'),
(6, '文具用品', '2019-01-15');

-- --------------------------------------------------------

--
-- 資料表結構 `question`
--

CREATE TABLE `question` (
  `sid` int(11) NOT NULL,
  `name` varchar(255) NOT NULL,
  `qcontent` varchar(255) NOT NULL,
  `image` varchar(255) DEFAULT NULL
) ENGINE=InnoDB DEFAULT CHARSET=utf8mb4;

--
-- 傾印資料表的資料 `question`
--

INSERT INTO `question` (`sid`, `name`, `qcontent`, `image`) VALUES
(1, '斑馬', '請問斑馬的皮膚是什麼顏色?', 'zebra.jpg'),
(2, '鴕鳥', '如果在動物界舉辦一場馬拉松，以下的參賽選手，誰會是最後的冠軍呢?', '456786'),
(3, '河馬', '河馬會游泳，還是會跑步呢?', '5464879'),
(4, '企鵝', '關於企鵝以下的敘述何者錯誤?', '54546478797.jpg'),
(5, '袋鼠', '關於袋鼠以下的敘述何者正確?', 'kangaroo001.jpg'),
(6, '樹懶', '樹懶移動的非常緩慢，在樹上時速只有每分鐘4公尺，請問當樹懶在水中，速度會是陸地上的幾倍?', 'sloth.jpg'),
(7, '浣熊', '浣熊為什麼那麼愛洗東西?', 'raccoon.jpg'),
(8, '海龜', '大多物種的性別是在受精時決定，請問海龜的性別是由何種因素決定?', 'turtle002.jpg'),
(9, '鯊魚', '當鯊魚蛀牙，牠的牙齒就會脫落，然後長新的出來，請問鯊魚的一生中會替換幾顆牙?', 'shark003.jpg'),
(10, '鯨鯊', '世界上最大的魚類為何?', '哈囉'),
(11, '大象', '以下關於大象的敘述，何者錯誤?', 'elephant001.jpg'),
(12, '龍蝦', '請問一隻龍蝦有幾隻腳?', 'lobster.jpg'),
(32, '章魚', '請問章魚有幾顆心臟?', NULL),
(42, '章魚', '請問章魚有幾顆頭?', NULL),
(43, '章魚', '請問章魚生存於哪裡?', NULL),
(44, '狐狸', '請問狐狸出現在Dora的第幾集?', NULL);

-- --------------------------------------------------------

--
-- 資料表結構 `reserve_type`
--

CREATE TABLE `reserve_type` (
  `sid` int(255) NOT NULL,
  `reserve_type_name` varchar(255) NOT NULL
) ENGINE=InnoDB DEFAULT CHARSET=utf8mb4;

--
-- 傾印資料表的資料 `reserve_type`
--

INSERT INTO `reserve_type` (`sid`, `reserve_type_name`) VALUES
(3, '網路及現場均有販售'),
(2, '限定現場販售'),
(1, '限定網路販售');

-- --------------------------------------------------------

--
-- 資料表結構 `room-detail`
--

CREATE TABLE `room-detail` (
  `sid` int(11) NOT NULL,
  `room-name` varchar(255) NOT NULL,
  `room-image` varchar(255) NOT NULL,
  `room-introduction` varchar(255) NOT NULL,
  `people` varchar(255) NOT NULL,
  `price` varchar(255) NOT NULL,
  `check-in-data` date NOT NULL,
  `check-out-data` date NOT NULL,
  `check-in-status` varchar(255) NOT NULL
) ENGINE=InnoDB DEFAULT CHARSET=utf8mb4;

--
-- 傾印資料表的資料 `room-detail`
--

INSERT INTO `room-detail` (`sid`, `room-name`, `room-image`, `room-introduction`, `people`, `price`, `check-in-data`, `check-out-data`, `check-in-status`) VALUES
(1, '海洋房', 'a0049111188336df3e9707116297339bd336433d.jpg', '進入房間，映入眼簾的是蔚藍海岸的地毯及船艙造型的圓形海魚掛畫，浴室內獨特的圓形大鏡面及乾濕分離的衛浴設計，讓人沉浸在海底船艙的冒險遐想之中。', '2', '2200', '2022-02-02', '2022-02-03', '已付款未入住'),
(2, '夜行房', '8fd682a0db6a86dde6b881cf0e3c62e0e0d051b6.jpg', '窗外蔥鬱縱谷山脈與灑入房內的點點繁星，當夜幕低垂，伴隨星空與山林入眠，為旅行增添溫馨愉悅，累積滿滿幸福回憶。', '4', '3800', '2020-12-06', '2020-12-07', '已入住已付款'),
(3, '熱帶雨林房', 'd02cf28b24bc5b0243217e02948a81ba98eee518.jpg', '悠閒的度假時光，讓腦袋淨空的最佳時機。鬱鬱森林中的祕密空間…拋開繁瑣羈絆，悠閒、自在的靜謐，其實不難，一起逃離城市的喧擾，體驗最初的感動。', '4', '3800', '2022-03-01', '2022-03-02', '未入住未付款'),
(4, '冰原房', 'f8c85ca3897581f3f69ee7410bcdf28f1430507f.jpg', '純白體驗，百分百的純粹享受。以白色為基底的空間，一種明亮寬敞、無壓力的視覺感受，卸下長久的疲憊。一趟不複雜的旅行，正式與心溝通。', '6', '5800', '2021-06-15', '2021-06-16', '已入住已付款'),
(5, '海洋房', '0164265671ead5fa342474d8259db63de8eab55f.png', '進入房間，映入眼簾的是蔚藍海岸的地毯及船艙造型的圓形海魚掛畫，浴室內獨特的圓形大鏡面及乾濕分離的衛浴設計，讓人沉浸在海底船艙的冒險遐想之中。', '4', '3800', '2019-08-12', '2019-08-13', '已付款未入住'),
(6, '海洋房', '4b0b86d32ed79c35b7a010455b289de6e9f15fa3.jpg', '進入房間，映入眼簾的是蔚藍海岸的地毯及船艙造型的圓形海魚掛畫，浴室內獨特的圓形大鏡面及乾濕分離的衛浴設計，讓人沉浸在海底船艙的冒險遐想之中。', '6', '5800', '2019-05-29', '2019-05-30', '未入住未付款'),
(7, '夜行房', '01f31856960af4a24a5e724fd7b5e965f5fc8c66.jpg', '窗外蔥鬱縱谷山脈與灑入房內的點點繁星，當夜幕低垂，伴隨星空與山林入眠，為旅行增添溫馨愉悅，累積滿滿幸福回憶。', '6', '5800', '2017-05-09', '2017-05-10', '已入住已付款'),
(8, '夜行房', '518fe4ed91449e340d4fb526a7dc4e2a1b23a59a.jpg', '窗外蔥鬱縱谷山脈與灑入房內的點點繁星，當夜幕低垂，伴隨星空與山林入眠，為旅行增添溫馨愉悅，累積滿滿幸福回憶。', '2', '2200', '2018-08-01', '2018-08-02', '已入住已付款'),
(9, '熱帶雨林房', 'cbd3b8545e891ba4b928312c63897ece9c5d8704.jpg', '悠閒的度假時光，讓腦袋淨空的最佳時機。鬱鬱森林中的祕密空間…拋開繁瑣羈絆，悠閒、自在的靜謐，其實不難，一起逃離城市的喧擾，體驗最初的感動。', '2', '2200', '2022-03-10', '2022-03-11', '未入住未付款'),
(10, '熱帶雨林房', '481cc9bb27125fb587876272089c1fbede1088cb.jpg', '悠閒的度假時光，讓腦袋淨空的最佳時機。鬱鬱森林中的祕密空間…拋開繁瑣羈絆，悠閒、自在的靜謐，其實不難，一起逃離城市的喧擾，體驗最初的感動。', '6', '5800', '2022-02-28', '2022-03-01', '未入住未付款'),
(11, '冰原房', '45f33258f8647b72f80d7b76e1aee60e3c9cee52.jpg', '純白體驗，百分百的純粹享受。以白色為基底的空間，一種明亮寬敞、無壓力的視覺感受， 卸下長久的疲憊。一趟不複雜的旅行，正式與心溝通。', '2', '2200', '2021-02-09', '2021-02-10', '已入住已付款'),
(12, '冰原房', '436428daa1901e1c295faf59eefa145353c1da97.jpg', '純白體驗，百分百的純粹享受。以白色為基底的空間，一種明亮寬敞、無壓力的視覺感受， 卸下長久的疲憊。一趟不複雜的旅行，正式與心溝通。', '4', '3800', '2020-06-07', '2020-06-08', '已入住已付款'),
(13, '夜行房', '774abbff5cc33b4190ab9f73bc76fc1c26db4fac.jpg', '窗外蔥鬱縱谷山脈與灑入房內的點點繁星，當夜幕低垂，伴隨星空與山林入眠，為旅行增添溫馨愉悅，累積滿滿幸福回憶。', '2', '2200', '2022-01-10', '2022-01-11', '已付款未入住'),
(14, '海洋房', 'ff363702e44325c4818c7a9f21359b4df195930b.jpg', '進入房間，映入眼簾的是蔚藍海岸的地毯及船艙造型的圓形海魚掛畫，浴室內獨特的圓形大鏡面及乾濕分離的衛浴設計，讓人沉浸在海底船艙的冒險遐想之中。', '2', '2200', '2022-01-13', '2022-01-14', '未入住未付款'),
(15, '熱帶雨林房', 'bce9615d1fe74a8ab0d350dc8ae13f7dbb264d41.jpg', '悠閒的度假時光，讓腦袋淨空的最佳時機。鬱鬱森林中的祕密空間…拋開繁瑣羈絆，悠閒、自在的靜謐，其實不難，一起逃離城市的喧擾，體驗最初的感動。', '4', '3800', '2022-01-14', '2022-01-15', '已付款未入住'),
(16, '海洋房', '19be83453cfa0e7227b5f9fd84b91b1d737ef6c1.jpg', '進入房間，映入眼簾的是蔚藍海岸的地毯及船艙造型的圓形海魚掛畫，浴室內獨特的圓形大鏡面及乾濕分離的衛浴設計，讓人沉浸在海底船艙的冒險遐想之中。', '2', '2200', '2022-01-12', '2022-01-13', '已付款未入住'),
(17, '冰原房', '498ebc9ca4c2df77c2b77320b87199f3cd3e94a8.jpg', '純白體驗，百分百的純粹享受。以白色為基底的空間，一種明亮寬敞、無壓力的視覺感受， 卸下長久的疲憊。一趟不複雜的旅行，正式與心溝通。', '4', '3800', '2019-06-12', '2019-06-13', '已入住已付款'),
(18, '冰原房', 'af36333d826e664085401057e4b48bf8dd7eff9b.jpg', '純白體驗，百分百的純粹享受。以白色為基底的空間，一種明亮寬敞、無壓力的視覺感受， 卸下長久的疲憊。一趟不複雜的旅行，正式與心溝通。', '6', '5800', '2018-02-20', '2018-02-21', '已入住已付款'),
(19, '熱帶雨林房', '6617454a91e4bf24bee4af228440d338094e3c7a.jpg', '悠閒的度假時光，讓腦袋淨空的最佳時機。鬱鬱森林中的祕密空間…拋開繁瑣羈絆，悠閒、自在的靜謐，其實不難，一起逃離城市的喧擾，體驗最初的感動。', '4', '3800', '2019-11-28', '2019-11-29', '已入住已付款'),
(20, '夜行房', '3a9c49c345c5ef7a65f536dbf0180108b0104fa7.jpg', '窗外蔥鬱縱谷山脈與灑入房內的點點繁星，當夜幕低垂，伴隨星空與山林入眠，為旅行增添溫馨愉悅，累積滿滿幸福回憶。', '6', '5800', '2020-05-10', '2020-05-11', '已入住已付款'),
(21, '夜行房', '7710961c3770fa46bab552c0c9b6776b51a664b3.jpg', '窗外蔥鬱縱谷山脈與灑入房內的點點繁星，當夜幕低垂，伴隨星空與山林入眠，為旅行增添溫馨愉悅，累積滿滿幸福回憶。', '2', '2200', '2019-10-15', '2019-10-16', '已入住已付款'),
(22, '夜行房', '19113652ed09b170d5014059bb9457eee5258caf.jpg', '窗外蔥鬱縱谷山脈與灑入房內的點點繁星，當夜幕低垂，伴隨星空與山林入眠，為旅行增添溫馨愉悅，累積滿滿幸福回憶。', '4', '3800', '2018-07-19', '2018-07-20', '未入住未付款'),
(23, '冰原房', '8c14daedc730f7a02f668ffe7fd221bc7e259d3f.jpg', '純白體驗，百分百的純粹享受。以白色為基底的空間，一種明亮寬敞、無壓力的視覺感受， 卸下長久的疲憊。一趟不複雜的旅行，正式與心溝通。', '2', '2200', '2021-11-12', '2021-11-13', '已入住已付款'),
(117, '熱帶雨林房', '7d7ceca61156f65b4dff11586633ba6c2bebe130.jpg', '悠閒的度假時光，讓腦袋淨空的最佳時機。鬱鬱森林中的祕密空間…拋開繁瑣羈絆，悠閒、自在的靜謐，其實不難，一起逃離城市的喧擾，體驗最初的感動。', '6', '5800', '2020-01-12', '2020-01-13', '已入住已付款'),
(118, '熱帶雨林房', '2b691de557cce360f5e0a98f0e2bb6b6cfaf4f0f.jpg', '悠閒的度假時光，讓腦袋淨空的最佳時機。鬱鬱森林中的祕密空間…拋開繁瑣羈絆，悠閒、自在的靜謐，其實不難，一起逃離城市的喧擾，體驗最初的感動。', '4', '3800', '2022-01-13', '2022-01-14', '已付款未入住'),
(119, '海洋房', '3b9f255fdff16642ef65a786337e64e62a481285.jpg', '進入房間，映入眼簾的是蔚藍海岸的地毯及船艙造型的圓形海魚掛畫，浴室內獨特的圓形大鏡面及乾濕分離的衛浴設計，讓人沉浸在海底船艙的冒險遐想之中。', '2', '2200', '2021-06-12', '2021-06-13', '已入住已付款'),
(120, '海洋房', 'fd0d5cd9cc0d179f78cbb7c366da44c83a28431b.jpg', '進入房間，映入眼簾的是蔚藍海岸的地毯及船艙造型的圓形海魚掛畫，浴室內獨特的圓形大鏡面及乾濕分離的衛浴設計，讓人沉浸在海底船艙的冒險遐想之中。', '4', '3800', '2020-05-12', '2020-05-13', '已入住已付款'),
(121, '海洋房', 'd68332f5bcb30866259ada7e41ba04b03952b559.png', '進入房間，映入眼簾的是蔚藍海岸的地毯及船艙造型的圓形海魚掛畫，浴室內獨特的圓形大鏡面及乾濕分離的衛浴設計，讓人沉浸在海底船艙的冒險遐想之中。', '6', '5800', '2021-06-18', '2021-06-19', '已入住已付款'),
(122, '熱帶雨林房', '29e976f67d6186e75b6783caf2cb09278e0a2120.jpg', '悠閒的度假時光，讓腦袋淨空的最佳時機。鬱鬱森林中的祕密空間…拋開繁瑣羈絆，悠閒、自在的靜謐，其實不難，一起逃離城市的喧擾，體驗最初的感動。', '4', '3800', '2021-10-13', '2021-10-14', '已入住已付款');

-- --------------------------------------------------------

--
-- 資料表結構 `supplier`
--

CREATE TABLE `supplier` (
  `sid` int(255) NOT NULL,
  `supplier_name` varchar(255) NOT NULL,
  `supplier_address` varchar(255) NOT NULL,
  `supplier_tel` varchar(255) NOT NULL,
  `supplier_item` varchar(255) NOT NULL,
  `supplier_create` date NOT NULL
) ENGINE=InnoDB DEFAULT CHARSET=utf8mb4;

--
-- 傾印資料表的資料 `supplier`
--

INSERT INTO `supplier` (`sid`, `supplier_name`, `supplier_address`, `supplier_tel`, `supplier_item`, `supplier_create`) VALUES
(1, '嘉冠貿易有限公司', '台北市松山區新中街52巷22號7樓', '0227660252', '絨毛玩具', '2019-01-08'),
(2, '立昇實業股份有限公司', '新北市新莊區新樹路268巷18號', '0222028608', '絨毛玩具', '2016-01-12'),
(3, '聖沃國際有限公司', '台北市內湖區成功路四段323巷9弄4號5樓', '0227945506', '絨毛玩具', '2015-01-13'),
(4, '振新文具有限公司', '台北市大同區太原路11巷35號', '0225505866', '絨毛玩具', '2017-06-15'),
(5, '華祐國際有限公司', '新北市新莊區新北大道四段187號13樓之1', '0285216716', '絨毛玩具', '2019-06-20'),
(6, '瑞志國際股份有限公司', '新北市中和區平河里 中正路７６４號４樓', '0282281628', '絨毛玩具', '2019-08-28'),
(7, '司麥樂企業有限公司', '台北市中山區敬業一路128巷28號2樓', '0285023198', '絨毛玩具', '2019-02-18'),
(8, '天琦實業有限公司', '新北市板橋區貴興路106巷16弄2號', '0229640072', '絨毛玩具', '2017-12-20'),
(9, '日椿國際有限公司', '新北市蘆洲區復興路105巷17號三樓', '0222822895', '絨毛玩具', '2020-10-14'),
(10, '派博國際有限公司', '台北市內湖區成功路4段323巷9弄4號', '0227925287', '絨毛玩具', '2021-12-16'),
(11, '兩儀事業股份有限公司', '台北市大安區忠孝東路三段197號3樓', '0227517728', '益智遊戲', '2021-09-21'),
(12, 'SunnyBaby生活館', '新竹縣竹東鎮竹美路二段109號', '035836368', '益智遊戲', '2020-01-13'),
(13, '品福事業有限公司', '高雄市三民區明吉路9號B1', '073495788', '益智遊戲', '2018-02-19'),
(14, '華泰玩具(玩具連鎖專賣店)', '宜蘭縣宜蘭市舊城東路35之1號', '039367113', '益智遊戲', '2019-01-28'),
(15, '三協資訊股份有限公司', '台中市南區美村路二段186號3樓之1', '0422627774', '益智遊戲', '2021-08-16'),
(16, '巧兒文化實業有限公司', '新北市中和區中山路二段315巷4號3樓', '0282422121', '益智遊戲', '2016-01-24'),
(17, '耕盛文教機構', '新北市新莊區中港一街157號1樓', '0222792900', '益智遊戲', '2015-02-10'),
(18, '東東數位科技有限公司', '新北市土城區中華路一段36號4樓之3', '0282261088', '益智遊戲', '2014-01-28'),
(19, '龍博士健康左右腦有限公司', '新北市中和區永和路337巷2號5樓', '0282287288~18', '益智遊戲', '2019-01-15'),
(20, '隆中網絡股份有限公司', '新北市新店區民權路95號14樓之1', '0222183785', '益智遊戲', '2018-02-20'),
(21, '東安生技實業股份有限公司', '台中市北屯區建和路二段206號', '0424368666', '生活用品', '2019-02-14'),
(22, '九乘九文具專家', '高雄市新興區中山二路522號', '072018899', '生活用品', '2013-09-18'),
(23, '佳一味企業社', '新北市三重區和平街39號', '0229747670', '生活用品', '2016-06-24'),
(24, '泰允創意有限公司', '桃園市桃園區藝文一街86之3號5樓', '033566818', '生活用品', '2021-01-22'),
(25, '璽悅婦兒有限公司', '台北市士林區中正路420號8樓', '0277292505', '生活用品', '2012-12-17'),
(26, '燁新國際有限公司', '桃園市中壢區內定五街39巷50之1號', '034632827', '生活用品', '2018-06-11'),
(27, '臺隆工業股份有限公司', '台北市中山區松江路261號6樓', '0225035508', '生活用品', '2016-01-29'),
(28, '建準電機工業股份有限公司', '高雄市前鎮區新衙路296巷30號', '078135888', '生活用品', '2018-03-15'),
(29, '天使學園網路股份有限公司', '台北市大安區信義路三段41號1樓', '0227015339', '生活用品', '2018-11-14'),
(30, '愛心進行銷設計股份有限公司', '台中市烏日區慶光路70之26號', '0423354628', '生活用品', '2017-01-17'),
(31, '何嘉仁國際文教團隊', '台北市中山區民權東路二段107號', '0225926998', '圖書', '2021-09-19'),
(32, '恩文事業', '台北市松山區南京東路4段186號9樓–7', '0225777011', '圖書', '2022-01-09'),
(33, '羅伯克林有限公司', '台北市士林區忠誠路二段130巷3號1樓', '0228725757', '圖書', '2022-01-23'),
(34, '繪豪企業有限公司', '新北市中和區中山路2段327巷20號3樓', '0222428968', '圖書', '2022-01-14'),
(35, '大輿出版社股份有限公司', '台北市萬華區廣州街189號4樓', '0223028768\r\n', '圖書', '2022-01-01'),
(36, '頂泰興資訊有限公司', '新北市中和區員山路512之7號4樓', '0222219869~112', '圖書', '2021-09-27'),
(37, '及第出版社\r\n', '台中市北區德化街269號1樓', '0422352519\r\n', '圖書', '2021-04-20'),
(38, '勤力國際股份有限公司', '新北市新店區寶高路20號', '0229106880', '圖書', '2019-01-21'),
(39, '建興文化事業有限公司', '新北市中和區立德街26巷5弄1之1號', '0222220866', '圖書', '2016-11-16'),
(40, '私立寰宇英日語短期補習班', '台南市中西區民族路二段153號6樓', '062237338\r\n', '圖書', '2018-06-15'),
(41, '網購韓服、日韓服飾、精品韓國衣服', '台中市北屯區大連路一段42號1樓', '0422916314', '服裝', '2017-07-15'),
(42, '凱蘿琳蔡時尚國際有限公司', '新北市三重區重新路五段609巷14號9樓之10', '0229998669', '服裝', '2016-08-08'),
(43, '双邦實業股份有限公司', '南投縣南投市永興路3號', '0492257450', '服裝', '2013-09-30'),
(44, '新力服裝有限公司', '台南市南區慶南街188號(金華公園大門口)', '062925161', '服裝', '2015-10-12'),
(45, '俊克服飾開發有限公司', '台北市中山區民權西路11號14樓', '0225859262\r\n', '服裝', '2016-01-27'),
(46, '雜碎江湖舞蹈戲劇服飾', '台南市永康區中華路12號13樓之3', '063136058\r\n', '服裝', '2018-02-26'),
(47, '擎普國際貿易有限公司', '台北市信義區信安街60號1樓', '0227325488', '服裝', '2017-05-12'),
(48, '銀穗國際企業股份有限公司', '台北市中山區民權西路42號5樓', '0225234655', '服裝', '2019-04-12'),
(49, '京城運動用品社', '屏東縣潮州鎮新生路141號', '087892010', '服裝', '2020-01-24'),
(50, '多田企業有限公司', '台北市大安區忠孝東路四段212號11樓', '022740-3096', '服裝', '2020-01-14'),
(51, '平價文具量販', '高雄市新興區中山二路522號', '072018899', '文具用品', '2015-11-30'),
(52, '鼎隆國際商業有限公司', '台中市西屯區台中港路二段124號', '0427065411', '文具用品', '2017-08-30'),
(53, '龍德數位科技有限公司', '台南市南區新和一路3巷3號', '062657021', '文具用品', '2019-07-24'),
(54, '金玉堂文具股份有限公司', '高雄市大寮區鳳屏一路729號', '077025666', '文具用品', '2016-06-22'),
(55, '藝群印刷公司(台北數位印刷)', '台北市中正區汀州路三段54號', '0227350157\r\n', '文具用品', '2017-01-20'),
(56, '大智通文化行銷股份有限公司', '新北市樹林區佳園路二段70之1號', '0226687017', '文具用品', '2017-07-17'),
(57, '金台北家居用品百貨', '新北市林口區南勢村8鄰77之36號', '0226093731', '文具用品', '2018-04-26'),
(58, '傳動數位設計印刷', '新北市三重區重新路三段111號12樓', '022986-6635', '文具用品', '2019-09-24'),
(59, '清豐企業股份有限公司', '台南市中西區成功路50號806室', '062221195', '文具用品', '2016-01-18'),
(60, '光南大批發', '屏東縣屏東市永福路31號', '087323266', '文具用品', '2018-01-22');

-- --------------------------------------------------------

--
-- 資料表結構 `users`
--

CREATE TABLE `users` (
  `sid` int(11) NOT NULL,
  `email` varchar(255) NOT NULL,
  `password` varchar(255) NOT NULL,
  `nickname` varchar(255) NOT NULL
) ENGINE=InnoDB DEFAULT CHARSET=utf8;

--
-- 傾印資料表的資料 `users`
--

INSERT INTO `users` (`sid`, `email`, `password`, `nickname`) VALUES
(1, 'aaa@gmail.com', '456789', '長頸鹿'),
(2, 'bbb@gmail.com', '123456', '寶寶');

--
-- 已傾印資料表的索引
--

--
-- 資料表索引 `address_1`
--
ALTER TABLE `address_1`
  ADD PRIMARY KEY (`sid`);

--
-- 資料表索引 `admins`
--
ALTER TABLE `admins`
  ADD PRIMARY KEY (`sid`);

--
-- 資料表索引 `animal_touch`
--
ALTER TABLE `animal_touch`
  ADD PRIMARY KEY (`sid`);

--
-- 資料表索引 `answer`
--
ALTER TABLE `answer`
  ADD PRIMARY KEY (`sid`),
  ADD KEY `question_sid` (`question_sid`);

--
-- 資料表索引 `building_type`
--
ALTER TABLE `building_type`
  ADD PRIMARY KEY (`sid`),
  ADD KEY `sid` (`sid`);

--
-- 資料表索引 `grade`
--
ALTER TABLE `grade`
  ADD PRIMARY KEY (`grade_sid`);

--
-- 資料表索引 `members`
--
ALTER TABLE `members`
  ADD PRIMARY KEY (`sid`);

--
-- 資料表索引 `orders`
--
ALTER TABLE `orders`
  ADD PRIMARY KEY (`sid`);

--
-- 資料表索引 `order_details_activity`
--
ALTER TABLE `order_details_activity`
  ADD PRIMARY KEY (`sid`),
  ADD KEY `order_sid` (`order_sid`);

--
-- 資料表索引 `order_details_products`
--
ALTER TABLE `order_details_products`
  ADD PRIMARY KEY (`sid`),
  ADD KEY `order_sid` (`order_sid`);

--
-- 資料表索引 `order_details_ticket`
--
ALTER TABLE `order_details_ticket`
  ADD PRIMARY KEY (`sid`),
  ADD KEY `order_sid` (`order_sid`);

--
-- 資料表索引 `product_item`
--
ALTER TABLE `product_item`
  ADD PRIMARY KEY (`sid`);

--
-- 資料表索引 `product_reserve`
--
ALTER TABLE `product_reserve`
  ADD PRIMARY KEY (`sid`),
  ADD KEY `sid` (`sid`),
  ADD KEY `庫存類別` (`reserve_type`),
  ADD KEY `現場位置` (`location`);

--
-- 資料表索引 `product_spec`
--
ALTER TABLE `product_spec`
  ADD PRIMARY KEY (`sid`),
  ADD KEY `sid` (`sid`);

--
-- 資料表索引 `product_type`
--
ALTER TABLE `product_type`
  ADD PRIMARY KEY (`sid`);

--
-- 資料表索引 `question`
--
ALTER TABLE `question`
  ADD PRIMARY KEY (`sid`);

--
-- 資料表索引 `reserve_type`
--
ALTER TABLE `reserve_type`
  ADD PRIMARY KEY (`sid`),
  ADD KEY `庫存種類` (`reserve_type_name`);

--
-- 資料表索引 `room-detail`
--
ALTER TABLE `room-detail`
  ADD PRIMARY KEY (`sid`);

--
-- 資料表索引 `supplier`
--
ALTER TABLE `supplier`
  ADD PRIMARY KEY (`sid`);

--
-- 資料表索引 `users`
--
ALTER TABLE `users`
  ADD PRIMARY KEY (`sid`);

--
-- 在傾印的資料表使用自動遞增(AUTO_INCREMENT)
--

--
-- 使用資料表自動遞增(AUTO_INCREMENT) `address_1`
--
ALTER TABLE `address_1`
  MODIFY `sid` int(11) NOT NULL AUTO_INCREMENT, AUTO_INCREMENT=24;

--
-- 使用資料表自動遞增(AUTO_INCREMENT) `animal_touch`
--
ALTER TABLE `animal_touch`
  MODIFY `sid` int(11) NOT NULL AUTO_INCREMENT, AUTO_INCREMENT=41;

--
-- 使用資料表自動遞增(AUTO_INCREMENT) `answer`
--
ALTER TABLE `answer`
  MODIFY `sid` int(11) NOT NULL AUTO_INCREMENT, AUTO_INCREMENT=112;

--
-- 使用資料表自動遞增(AUTO_INCREMENT) `building_type`
--
ALTER TABLE `building_type`
  MODIFY `sid` int(255) NOT NULL AUTO_INCREMENT, AUTO_INCREMENT=5;

--
-- 使用資料表自動遞增(AUTO_INCREMENT) `members`
--
ALTER TABLE `members`
  MODIFY `sid` int(11) NOT NULL AUTO_INCREMENT, AUTO_INCREMENT=437;

--
-- 使用資料表自動遞增(AUTO_INCREMENT) `orders`
--
ALTER TABLE `orders`
  MODIFY `sid` int(11) NOT NULL AUTO_INCREMENT, AUTO_INCREMENT=117;

--
-- 使用資料表自動遞增(AUTO_INCREMENT) `order_details_activity`
--
ALTER TABLE `order_details_activity`
  MODIFY `sid` int(11) NOT NULL AUTO_INCREMENT;

--
-- 使用資料表自動遞增(AUTO_INCREMENT) `order_details_products`
--
ALTER TABLE `order_details_products`
  MODIFY `sid` int(11) NOT NULL AUTO_INCREMENT, AUTO_INCREMENT=525;

--
-- 使用資料表自動遞增(AUTO_INCREMENT) `order_details_ticket`
--
ALTER TABLE `order_details_ticket`
  MODIFY `sid` int(11) NOT NULL AUTO_INCREMENT;

--
-- 使用資料表自動遞增(AUTO_INCREMENT) `product_item`
--
ALTER TABLE `product_item`
  MODIFY `sid` int(25) NOT NULL AUTO_INCREMENT, AUTO_INCREMENT=80;

--
-- 使用資料表自動遞增(AUTO_INCREMENT) `product_reserve`
--
ALTER TABLE `product_reserve`
  MODIFY `sid` int(255) NOT NULL AUTO_INCREMENT, AUTO_INCREMENT=63;

--
-- 使用資料表自動遞增(AUTO_INCREMENT) `product_spec`
--
ALTER TABLE `product_spec`
  MODIFY `sid` int(255) NOT NULL AUTO_INCREMENT, AUTO_INCREMENT=2103;

--
-- 使用資料表自動遞增(AUTO_INCREMENT) `product_type`
--
ALTER TABLE `product_type`
  MODIFY `sid` int(255) NOT NULL AUTO_INCREMENT, AUTO_INCREMENT=7;

--
-- 使用資料表自動遞增(AUTO_INCREMENT) `question`
--
ALTER TABLE `question`
  MODIFY `sid` int(11) NOT NULL AUTO_INCREMENT, AUTO_INCREMENT=45;

--
-- 使用資料表自動遞增(AUTO_INCREMENT) `reserve_type`
--
ALTER TABLE `reserve_type`
  MODIFY `sid` int(255) NOT NULL AUTO_INCREMENT, AUTO_INCREMENT=4;

--
-- 使用資料表自動遞增(AUTO_INCREMENT) `room-detail`
--
ALTER TABLE `room-detail`
  MODIFY `sid` int(11) NOT NULL AUTO_INCREMENT, AUTO_INCREMENT=123;

--
-- 使用資料表自動遞增(AUTO_INCREMENT) `supplier`
--
ALTER TABLE `supplier`
  MODIFY `sid` int(255) NOT NULL AUTO_INCREMENT, AUTO_INCREMENT=61;

--
-- 已傾印資料表的限制式
--

--
-- 資料表的限制式 `product_reserve`
--
ALTER TABLE `product_reserve`
  ADD CONSTRAINT `product_reserve_ibfk_1` FOREIGN KEY (`reserve_type`) REFERENCES `reserve_type` (`sid`),
  ADD CONSTRAINT `product_reserve_ibfk_2` FOREIGN KEY (`location`) REFERENCES `building_type` (`sid`);
COMMIT;

/*!40101 SET CHARACTER_SET_CLIENT=@OLD_CHARACTER_SET_CLIENT */;
/*!40101 SET CHARACTER_SET_RESULTS=@OLD_CHARACTER_SET_RESULTS */;
/*!40101 SET COLLATION_CONNECTION=@OLD_COLLATION_CONNECTION */;
